-- MySQL dump 10.13  Distrib 8.0.23, for Win64 (x86_64)
--
-- Host: localhost    Database: my_vk
-- ------------------------------------------------------
-- Server version	8.0.23

/*!40101 SET @OLD_CHARACTER_SET_CLIENT=@@CHARACTER_SET_CLIENT */;
/*!40101 SET @OLD_CHARACTER_SET_RESULTS=@@CHARACTER_SET_RESULTS */;
/*!40101 SET @OLD_COLLATION_CONNECTION=@@COLLATION_CONNECTION */;
/*!50503 SET NAMES utf8mb4 */;
/*!40103 SET @OLD_TIME_ZONE=@@TIME_ZONE */;
/*!40103 SET TIME_ZONE='+00:00' */;
/*!40014 SET @OLD_UNIQUE_CHECKS=@@UNIQUE_CHECKS, UNIQUE_CHECKS=0 */;
/*!40014 SET @OLD_FOREIGN_KEY_CHECKS=@@FOREIGN_KEY_CHECKS, FOREIGN_KEY_CHECKS=0 */;
/*!40101 SET @OLD_SQL_MODE=@@SQL_MODE, SQL_MODE='NO_AUTO_VALUE_ON_ZERO' */;
/*!40111 SET @OLD_SQL_NOTES=@@SQL_NOTES, SQL_NOTES=0 */;

--
-- Table structure for table `communities`
--

DROP TABLE IF EXISTS `communities`;
/*!40101 SET @saved_cs_client     = @@character_set_client */;
/*!50503 SET character_set_client = utf8mb4 */;
CREATE TABLE `communities` (
  `id` int unsigned NOT NULL AUTO_INCREMENT COMMENT '╨Ш╨┤╨╡╨╜╤В╨╕╤Д╨╕╨║╨░╤В╨╛╤А ╤Б╤А╨╛╨║╨╕',
  `name` varchar(150) CHARACTER SET utf8mb4 COLLATE utf8mb4_unicode_ci NOT NULL COMMENT '╨Э╨░╨╖╨▓╨░╨╜╨╕╨╡ ╨│╤А╤Г╨┐╨┐╤Л',
  `created_at` datetime DEFAULT CURRENT_TIMESTAMP COMMENT '╨Т╤А╨╡╨╝╤П ╤Б╨╛╨╖╨┤╨░╨╜╨╕╤П ╤Б╤В╤А╨╛╨║╨╕',
  `updated_at` datetime DEFAULT CURRENT_TIMESTAMP ON UPDATE CURRENT_TIMESTAMP COMMENT '╨Т╤А╨╡╨╝╤П ╨╛╨▒╨╜╨╛╨▓╨╗╨╡╨╜╨╕╤П ╤Б╤В╤А╨╛╨║╨╕',
  PRIMARY KEY (`id`),
  UNIQUE KEY `name` (`name`)
) ENGINE=InnoDB AUTO_INCREMENT=21 DEFAULT CHARSET=utf8mb4 COLLATE=utf8mb4_unicode_ci COMMENT='╨У╤А╤Г╨┐╨┐╤Л';
/*!40101 SET character_set_client = @saved_cs_client */;

--
-- Dumping data for table `communities`
--

LOCK TABLES `communities` WRITE;
/*!40000 ALTER TABLE `communities` DISABLE KEYS */;
INSERT INTO `communities` VALUES (1,'quibusdam','2019-10-29 17:45:04','2021-04-25 16:34:35'),(2,'rerum','2017-06-24 09:59:12','2021-04-25 16:34:35'),(3,'dolor','2014-10-13 22:06:22','2021-04-25 16:34:35'),(4,'ut','2018-05-12 00:44:16','2021-04-25 16:34:35'),(5,'molestiae','2016-06-19 13:44:30','2021-04-25 16:34:35'),(6,'nam','2015-01-13 01:22:27','2021-04-25 16:34:35'),(7,'velit','2021-02-17 08:05:41','2021-04-25 16:34:35'),(8,'ipsam','2015-07-05 15:50:21','2021-04-25 16:34:35'),(9,'et','2012-03-13 23:38:46','2021-04-25 16:34:35'),(10,'est','2018-09-04 00:13:10','2021-04-25 16:34:35'),(11,'impedit','2011-09-07 16:55:10','2021-04-25 16:34:35'),(12,'a','2016-08-13 09:52:55','2021-04-25 16:34:35'),(13,'reprehenderit','2018-09-20 18:50:17','2021-04-25 16:34:35'),(14,'quos','2014-02-07 12:07:44','2015-03-29 12:58:00'),(15,'sed','2018-10-25 19:50:17','2021-03-17 21:52:03'),(16,'animi','2015-09-08 10:22:49','2021-04-25 16:34:35'),(17,'eos','2014-12-04 08:43:24','2021-04-25 16:34:35'),(18,'cupiditate','2015-06-10 21:31:40','2021-04-25 16:34:35'),(19,'commodi','2020-12-02 21:01:58','2021-04-25 16:34:35'),(20,'ipsum','2015-03-25 23:30:18','2021-04-25 16:34:35');
/*!40000 ALTER TABLE `communities` ENABLE KEYS */;
UNLOCK TABLES;

--
-- Table structure for table `communities_users`
--

DROP TABLE IF EXISTS `communities_users`;
/*!40101 SET @saved_cs_client     = @@character_set_client */;
/*!50503 SET character_set_client = utf8mb4 */;
CREATE TABLE `communities_users` (
  `community_id` int unsigned NOT NULL COMMENT '╨б╤Б╤Л╨╗╨║╨░ ╨╜╨░ ╨│╤А╤Г╨┐╨┐╤Г',
  `user_id` int unsigned NOT NULL COMMENT '╨б╤Б╤Л╨╗╨║╨░ ╨╜╨░ ╨┐╨╛╨╗╤М╨╖╨╛╨▓╨░╤В╨╡╨╗╤П',
  `created_at` datetime DEFAULT CURRENT_TIMESTAMP COMMENT '╨Т╤А╨╡╨╝╤П ╤Б╨╛╨╖╨┤╨░╨╜╨╕╤П ╤Б╤В╤А╨╛╨║╨╕',
  PRIMARY KEY (`community_id`,`user_id`) COMMENT '╨б╨╛╤Б╤В╨░╨▓╨╜╨╛╨╣ ╨┐╨╡╤А╨▓╨╕╤З╨╜╤Л╨╣ ╨║╨╗╤О╤З',
  KEY `communities_user_id_fk` (`user_id`),
  CONSTRAINT `communities_user_id_fk` FOREIGN KEY (`user_id`) REFERENCES `users` (`id`) ON DELETE CASCADE,
  CONSTRAINT `community_id_fk` FOREIGN KEY (`community_id`) REFERENCES `communities` (`id`) ON DELETE CASCADE
) ENGINE=InnoDB DEFAULT CHARSET=utf8mb4 COLLATE=utf8mb4_unicode_ci COMMENT='╨г╤З╨░╤Б╤В╨╜╨╕╨║╨╕ ╨│╤А╤Г╨┐╨┐, ╤Б╨▓╤П╨╖╤М ╨╝╨╡╨╢╨┤╤Г ╨┐╨╛╨╗╤М╨╖╨╛╨▓╨░╤В╨╡╨╗╤П╨╝╨╕ ╨╕ ╨│╤А╤Г╨┐╨┐╨░╨╝╨╕';
/*!40101 SET character_set_client = @saved_cs_client */;

--
-- Dumping data for table `communities_users`
--

LOCK TABLES `communities_users` WRITE;
/*!40000 ALTER TABLE `communities_users` DISABLE KEYS */;
INSERT INTO `communities_users` VALUES (1,1,'2011-12-26 20:52:30'),(1,21,'2015-11-12 20:01:22'),(1,41,'2019-08-04 14:11:47'),(1,61,'2014-06-22 08:07:36'),(1,81,'2015-03-28 12:07:40'),(2,2,'2013-05-30 05:54:05'),(2,22,'2016-04-11 21:31:22'),(2,42,'2016-11-09 08:24:32'),(2,62,'2019-10-10 09:48:27'),(2,82,'2015-10-01 17:45:11'),(3,3,'2017-08-01 14:19:07'),(3,23,'2012-05-28 09:48:06'),(3,43,'2016-03-17 14:00:11'),(3,63,'2015-01-10 01:07:37'),(3,83,'2019-01-21 17:20:22'),(4,4,'2019-08-22 17:37:46'),(4,24,'2017-09-21 16:51:11'),(4,44,'2012-11-09 16:32:03'),(4,64,'2015-09-19 09:23:03'),(4,84,'2018-05-23 15:07:10'),(5,5,'2018-10-26 12:05:09'),(5,25,'2015-11-25 20:36:55'),(5,45,'2013-07-03 04:43:10'),(5,65,'2020-05-21 22:00:00'),(5,85,'2013-03-23 07:58:28'),(6,6,'2018-12-28 14:11:19'),(6,26,'2015-10-10 06:13:12'),(6,46,'2018-09-05 22:26:16'),(6,66,'2014-06-14 01:33:57'),(6,86,'2018-05-20 06:24:39'),(7,7,'2016-02-08 10:41:04'),(7,27,'2016-08-20 23:25:55'),(7,47,'2015-07-05 10:49:38'),(7,67,'2019-08-21 09:43:33'),(7,87,'2014-09-03 10:31:19'),(8,8,'2019-11-15 16:53:03'),(8,28,'2015-04-08 00:59:55'),(8,48,'2011-09-01 14:23:55'),(8,68,'2020-01-29 11:15:07'),(8,88,'2019-12-16 16:31:00'),(9,9,'2015-10-28 10:46:41'),(9,29,'2018-12-30 01:15:51'),(9,49,'2018-06-09 16:06:49'),(9,69,'2013-01-26 12:06:07'),(9,89,'2014-10-28 05:46:49'),(10,10,'2013-10-08 16:06:06'),(10,30,'2014-04-27 21:43:51'),(10,50,'2020-12-20 08:49:26'),(10,70,'2011-07-20 00:37:01'),(10,90,'2018-01-06 18:18:20'),(11,11,'2011-12-21 12:39:26'),(11,31,'2015-10-27 08:18:54'),(11,51,'2017-11-18 11:35:03'),(11,71,'2012-11-28 13:45:17'),(11,91,'2011-11-06 20:33:58'),(12,12,'2013-01-11 22:55:30'),(12,32,'2013-04-11 12:31:10'),(12,52,'2011-12-15 00:09:41'),(12,72,'2015-12-06 05:30:38'),(12,92,'2013-05-28 07:47:48'),(13,13,'2011-05-10 11:08:05'),(13,33,'2020-05-14 12:51:53'),(13,53,'2017-12-24 06:18:51'),(13,73,'2014-10-30 04:55:05'),(13,93,'2013-02-26 11:22:52'),(14,14,'2020-05-24 03:18:46'),(14,34,'2014-12-29 09:18:03'),(14,54,'2020-06-11 09:34:52'),(14,74,'2014-02-15 03:28:45'),(14,94,'2017-01-10 09:11:06'),(15,15,'2018-03-14 13:39:15'),(15,35,'2020-01-27 21:41:15'),(15,55,'2013-01-08 21:20:55'),(15,75,'2013-01-15 11:35:27'),(15,95,'2013-10-22 00:25:21'),(16,16,'2020-07-19 21:29:36'),(16,36,'2012-11-30 06:18:58'),(16,56,'2014-05-01 21:53:09'),(16,76,'2020-03-25 02:39:59'),(16,96,'2020-10-10 17:20:32'),(17,17,'2020-05-15 16:31:16'),(17,37,'2015-12-07 07:54:14'),(17,57,'2019-07-19 23:10:55'),(17,77,'2016-02-14 06:46:26'),(17,97,'2019-06-01 12:48:31'),(18,18,'2012-10-10 02:17:38'),(18,38,'2018-10-27 10:57:48'),(18,58,'2013-05-30 17:00:39'),(18,78,'2017-04-13 12:01:25'),(18,98,'2014-05-04 17:55:41'),(19,19,'2011-08-18 15:56:24'),(19,39,'2015-06-15 20:13:55'),(19,59,'2015-07-22 22:53:12'),(19,79,'2016-12-06 20:31:58'),(19,99,'2012-10-25 20:44:16'),(20,20,'2012-12-14 14:32:05'),(20,40,'2020-04-10 10:53:19'),(20,60,'2019-10-07 21:30:23'),(20,80,'2014-12-17 14:00:21'),(20,100,'2013-03-12 17:09:57');
/*!40000 ALTER TABLE `communities_users` ENABLE KEYS */;
UNLOCK TABLES;

--
-- Table structure for table `friendship`
--

DROP TABLE IF EXISTS `friendship`;
/*!40101 SET @saved_cs_client     = @@character_set_client */;
/*!50503 SET character_set_client = utf8mb4 */;
CREATE TABLE `friendship` (
  `user_id` int unsigned NOT NULL COMMENT '╨б╤Б╤Л╨╗╨║╨░ ╨╜╨░ ╨╕╨╜╨╕╤Ж╨╕╨░╤В╨╛╤А╨░ ╨┤╤А╤Г╨╢╨╡╤Б╨║╨╕╤Е ╨╛╤В╨╜╨╛╤И╨╡╨╜╨╕╨╣',
  `friend_id` int unsigned NOT NULL COMMENT '╨б╤Б╤Л╨╗╨║╨░ ╨╜╨░ ╨┐╨╛╨╗╤Г╤З╨░╤В╨╡╨╗╤П ╨┐╤А╨╕╨│╨╗╨░╤И╨╡╨╜╨╕╤П ╨┤╤А╤Г╨╢╨╕╤В╤М',
  `friendship_status_id` int unsigned NOT NULL COMMENT '╨б╤Б╤Л╨╗╨║╨░ ╨╜╨░ ╤Б╤В╨░╤В╤Г╤Б (╤В╨╡╨║╤Г╤Й╨╡╨╡ ╤Б╨╛╤Б╤В╨╛╤П╨╜╨╕╨╡) ╨╛╤В╨╜╨╛╤И╨╡╨╜╨╕╨╣',
  `requested_at` datetime DEFAULT CURRENT_TIMESTAMP COMMENT '╨Т╤А╨╡╨╝╤П ╨╛╤В╨┐╤А╨░╨▓╨╗╨╡╨╜╨╕╤П ╨┐╤А╨╕╨│╨╗╨░╤И╨╡╨╜╨╕╤П ╨┤╤А╤Г╨╢╨╕╤В╤М',
  `confirmed_at` datetime DEFAULT NULL COMMENT '╨Т╤А╨╡╨╝╤П ╨┐╨╛╨┤╤В╨▓╨╡╤А╨╢╨┤╨╡╨╜╨╕╤П ╨┐╤А╨╕╨│╨╗╨░╤И╨╡╨╜╨╕╤П',
  `created_at` datetime DEFAULT CURRENT_TIMESTAMP COMMENT '╨Т╤А╨╡╨╝╤П ╤Б╨╛╨╖╨┤╨░╨╜╨╕╤П ╤Б╤В╤А╨╛╨║╨╕',
  `updated_at` datetime DEFAULT CURRENT_TIMESTAMP ON UPDATE CURRENT_TIMESTAMP COMMENT '╨Т╤А╨╡╨╝╤П ╨╛╨▒╨╜╨╛╨▓╨╗╨╡╨╜╨╕╤П ╤Б╤В╤А╨╛╨║╨╕',
  PRIMARY KEY (`user_id`,`friend_id`) COMMENT '╨б╨╛╤Б╤В╨░╨▓╨╜╨╛╨╣ ╨┐╨╡╤А╨▓╨╕╤З╨╜╤Л╨╣ ╨║╨╗╤О╤З',
  KEY `friendship_friend_id_fk` (`friend_id`),
  KEY `friendship_status_id_fk` (`friendship_status_id`),
  CONSTRAINT `friendship_friend_id_fk` FOREIGN KEY (`friend_id`) REFERENCES `users` (`id`) ON DELETE CASCADE,
  CONSTRAINT `friendship_status_id_fk` FOREIGN KEY (`friendship_status_id`) REFERENCES `friendship_statuses` (`id`) ON DELETE CASCADE,
  CONSTRAINT `friendship_user_id_fk` FOREIGN KEY (`user_id`) REFERENCES `users` (`id`) ON DELETE CASCADE
) ENGINE=InnoDB DEFAULT CHARSET=utf8mb4 COLLATE=utf8mb4_unicode_ci COMMENT='╨в╨░╨▒╨╗╨╕╤Ж╨░ ╨┤╤А╤Г╨╢╨▒╤Л';
/*!40101 SET character_set_client = @saved_cs_client */;

--
-- Dumping data for table `friendship`
--

LOCK TABLES `friendship` WRITE;
/*!40000 ALTER TABLE `friendship` DISABLE KEYS */;
INSERT INTO `friendship` VALUES (1,1,1,'2017-05-14 14:26:52','2017-09-15 17:43:58','2015-12-03 18:27:50','2021-03-17 09:18:37'),(2,2,2,'2012-03-10 22:16:00','2013-08-29 09:36:55','2020-01-21 12:10:23','2021-04-08 03:48:30'),(3,3,3,'2013-05-05 08:58:01','2019-07-12 23:25:04','2013-08-10 01:37:47','2021-04-04 17:42:16'),(4,4,1,'2018-02-06 12:47:58','2012-07-29 01:50:58','2014-05-13 02:19:16','2021-04-09 22:14:03'),(5,5,2,'2014-10-27 17:30:16','2012-08-02 23:10:34','2018-08-09 02:02:07','2021-04-08 16:25:03'),(6,6,3,'2021-03-12 01:05:40','2016-06-28 16:45:01','2018-05-29 19:02:53','2021-04-13 02:24:19'),(7,7,1,'2021-03-25 13:51:49','2019-12-03 07:05:57','2014-03-08 23:11:06','2021-03-31 02:07:51'),(8,8,2,'2015-08-13 05:43:35','2014-03-07 02:58:59','2013-12-31 21:30:07','2021-04-13 13:01:18'),(9,9,3,'2018-12-14 03:19:24','2013-02-09 18:54:38','2014-12-17 20:30:17','2021-03-16 14:03:22'),(10,10,1,'2012-04-18 05:52:17','2012-05-28 18:03:23','2012-10-22 00:26:36','2021-04-03 01:16:10'),(11,11,2,'2013-09-14 22:21:00','2015-06-19 14:23:46','2018-12-03 00:39:53','2021-03-29 23:11:04'),(12,12,3,'2016-03-29 10:50:44','2018-02-04 15:41:03','2019-10-05 17:12:12','2021-04-06 12:52:04'),(13,13,1,'2012-02-22 03:30:57','2020-08-08 20:48:54','2021-01-14 11:59:31','2021-03-16 13:59:29'),(14,14,2,'2020-01-19 20:21:10','2015-09-16 08:02:48','2014-02-24 12:51:19','2021-03-19 08:44:40'),(15,15,3,'2015-11-08 00:18:49','2020-01-26 05:32:16','2019-10-08 04:41:32','2021-03-26 23:36:20'),(16,16,1,'2021-02-22 22:18:58','2020-07-11 08:45:04','2014-12-22 05:17:48','2021-03-30 05:30:31'),(17,17,2,'2020-07-06 21:28:54','2020-07-19 10:59:25','2017-08-16 01:45:41','2021-04-13 20:02:41'),(18,18,3,'2018-04-16 23:11:00','2017-06-18 00:30:38','2019-07-13 17:56:06','2021-03-25 07:26:33'),(19,19,1,'2012-06-05 14:26:02','2012-09-28 20:39:26','2017-12-07 05:22:22','2021-04-14 09:07:10'),(20,20,2,'2019-10-25 23:17:11','2018-07-07 13:28:55','2018-10-16 04:32:34','2021-04-05 00:57:05'),(21,21,3,'2018-01-04 17:53:17','2013-01-22 18:40:39','2017-06-15 03:29:59','2021-04-02 14:33:51'),(22,22,1,'2016-07-04 03:25:22','2016-05-16 02:47:25','2018-02-28 06:18:15','2021-04-02 13:14:46'),(23,23,2,'2013-12-30 17:14:42','2013-08-07 09:01:23','2020-12-20 10:13:10','2021-03-18 07:51:09'),(24,24,3,'2020-07-30 00:25:32','2011-06-21 21:38:42','2014-02-19 06:51:53','2021-03-23 08:14:24'),(25,25,1,'2018-10-26 13:45:35','2012-05-25 16:48:37','2019-10-08 13:36:56','2021-03-30 11:36:25'),(26,26,2,'2014-02-27 00:51:05','2015-02-25 10:22:09','2019-10-13 20:31:47','2021-04-01 02:43:42'),(27,27,3,'2012-12-28 17:41:23','2014-05-11 19:20:24','2018-03-08 10:08:15','2021-04-14 04:17:05'),(28,28,1,'2015-05-22 13:55:06','2018-11-20 06:13:21','2012-01-15 21:03:42','2021-03-17 17:15:55'),(29,29,2,'2012-10-12 04:52:17','2020-09-18 23:26:42','2015-01-10 21:52:24','2021-04-12 13:35:03'),(30,30,3,'2015-04-03 17:50:37','2011-07-20 08:10:03','2020-10-30 23:41:16','2021-04-05 16:53:32'),(31,31,1,'2013-03-01 13:17:34','2012-10-17 14:29:12','2015-10-21 13:15:53','2021-04-12 12:44:02'),(32,32,2,'2013-12-06 19:09:40','2012-09-06 21:14:47','2019-06-28 22:23:26','2021-04-04 20:28:48'),(33,33,3,'2020-02-23 00:47:04','2019-12-27 07:35:53','2018-03-08 10:00:37','2021-04-06 22:30:17'),(34,34,1,'2013-10-03 09:04:35','2017-06-29 08:07:59','2021-01-09 22:04:53','2021-03-24 19:18:50'),(35,35,2,'2012-10-06 05:38:17','2013-04-21 00:34:42','2017-11-19 11:07:25','2021-04-02 05:35:38'),(36,36,3,'2012-01-17 06:42:35','2017-10-24 16:08:34','2017-02-01 23:53:10','2021-04-11 16:46:32'),(37,37,1,'2012-02-18 20:46:12','2012-07-07 03:17:03','2018-08-04 01:45:21','2021-03-28 18:44:09'),(38,38,2,'2015-02-04 04:16:35','2020-01-28 01:31:46','2017-09-04 07:36:18','2021-03-22 16:05:49'),(39,39,3,'2013-08-12 01:53:14','2015-11-21 20:36:32','2019-12-20 00:06:02','2021-03-26 23:07:31'),(40,40,1,'2011-12-25 14:51:45','2011-05-27 21:15:10','2017-06-04 04:02:55','2021-04-04 12:28:38'),(41,41,2,'2018-01-17 13:35:00','2021-03-11 21:19:44','2013-07-06 18:32:45','2021-03-23 03:29:01'),(42,42,3,'2013-01-19 02:49:44','2020-04-09 15:07:09','2011-11-26 14:35:58','2021-04-05 06:55:04'),(43,43,1,'2020-04-13 15:12:56','2015-11-03 01:40:45','2013-11-01 19:40:51','2021-03-31 23:27:39'),(44,44,2,'2019-03-10 16:07:09','2012-04-08 02:04:09','2011-09-22 02:06:11','2021-04-09 15:22:11'),(45,45,3,'2014-08-14 21:30:36','2013-05-22 00:19:00','2013-11-04 02:13:38','2021-03-16 09:23:50'),(46,46,1,'2014-04-30 14:47:44','2019-05-07 23:34:36','2014-05-01 20:02:15','2021-03-18 04:53:14'),(47,47,2,'2012-05-24 22:12:08','2012-11-27 05:54:49','2014-04-14 05:12:08','2021-03-28 01:26:02'),(48,48,3,'2013-11-30 19:48:15','2012-11-18 01:45:39','2016-11-13 11:52:28','2021-04-09 16:25:18'),(49,49,1,'2015-03-12 07:27:58','2015-04-12 00:51:06','2020-09-10 20:11:05','2021-03-17 18:19:57'),(50,50,2,'2019-12-03 04:39:41','2019-02-23 17:03:58','2012-11-15 19:12:42','2021-03-17 19:33:26'),(51,51,3,'2019-08-31 21:43:26','2013-07-06 22:40:26','2019-08-26 16:57:36','2021-03-17 09:51:17'),(52,52,1,'2019-09-16 03:25:56','2017-09-20 20:09:54','2017-11-19 03:01:52','2021-03-25 10:22:07'),(53,53,2,'2020-04-17 00:28:45','2012-03-23 20:02:55','2015-09-27 01:19:36','2021-04-09 17:05:20'),(54,54,3,'2016-12-22 02:46:17','2013-07-08 01:02:43','2014-06-06 06:53:33','2021-04-07 22:21:02'),(55,55,1,'2013-12-27 11:29:59','2017-08-10 07:58:51','2011-04-28 10:18:13','2021-03-20 04:53:26'),(56,56,2,'2011-12-21 17:26:50','2021-03-28 04:10:33','2019-01-02 08:34:47','2021-03-22 04:46:20'),(57,57,3,'2020-02-07 02:43:18','2013-07-27 18:46:14','2012-08-25 22:40:56','2021-03-17 10:15:11'),(58,58,1,'2012-12-10 14:42:39','2018-07-09 15:27:33','2013-10-29 23:25:22','2021-03-28 20:00:28'),(59,59,2,'2017-04-28 10:16:23','2019-11-23 09:14:37','2016-09-08 05:53:25','2021-04-04 02:29:04'),(60,60,3,'2019-10-05 00:44:13','2013-10-21 11:30:44','2017-03-02 19:59:11','2021-03-24 14:36:47'),(61,61,1,'2012-09-02 03:59:15','2018-06-28 22:22:45','2015-11-11 01:46:48','2021-03-16 04:00:52'),(62,62,2,'2012-02-28 00:08:02','2014-12-01 16:09:13','2018-02-27 12:53:24','2021-03-21 18:06:00'),(63,63,3,'2013-11-13 19:15:41','2018-10-09 09:25:58','2014-03-05 20:52:58','2021-04-02 10:16:09'),(64,64,1,'2012-10-08 02:53:30','2015-08-26 14:22:28','2019-11-21 17:01:51','2021-04-14 08:52:39'),(65,65,2,'2016-10-24 03:45:13','2011-11-15 00:23:01','2019-10-24 18:21:40','2021-03-15 05:52:12'),(66,66,3,'2015-10-01 12:45:32','2014-07-21 03:35:27','2014-06-04 05:48:01','2021-03-17 14:01:44'),(67,67,1,'2012-03-14 21:22:49','2012-02-12 00:01:07','2020-07-11 20:10:05','2021-03-26 11:52:52'),(68,68,2,'2015-09-08 10:57:24','2021-03-23 06:08:12','2020-02-08 11:03:48','2021-03-31 14:12:50'),(69,69,3,'2020-04-01 09:05:44','2014-03-11 03:51:09','2017-07-22 19:38:06','2021-03-15 22:17:26'),(70,70,1,'2012-05-14 04:45:17','2012-02-11 09:01:10','2017-12-10 18:39:49','2021-03-31 01:58:04'),(71,71,2,'2018-08-23 08:24:24','2015-10-03 19:14:34','2015-09-29 10:41:53','2021-03-26 21:29:20'),(72,72,3,'2019-11-30 04:32:42','2013-05-15 08:14:46','2014-04-10 16:32:42','2021-04-05 01:02:48'),(73,73,1,'2014-01-11 10:40:59','2012-06-02 11:27:56','2019-12-29 00:51:55','2021-03-22 07:30:38'),(74,74,2,'2018-08-11 05:29:07','2011-09-02 21:54:12','2018-03-29 12:47:02','2021-04-01 00:42:12'),(75,75,3,'2012-03-17 17:34:18','2011-11-13 02:22:56','2012-03-23 20:42:50','2021-04-09 15:38:01'),(76,76,1,'2020-01-08 12:48:19','2013-04-26 21:25:05','2011-11-16 16:14:19','2021-03-25 19:41:24'),(77,77,2,'2012-05-18 01:00:24','2012-09-26 16:56:07','2014-09-21 18:10:59','2021-03-22 18:54:18'),(78,78,3,'2019-11-09 12:10:39','2017-02-21 19:50:34','2014-10-10 08:05:14','2021-03-24 22:01:22'),(79,79,1,'2012-09-04 00:15:18','2012-04-12 05:15:53','2013-12-06 18:24:14','2021-03-15 11:42:18'),(80,80,2,'2019-10-15 19:46:48','2019-04-01 08:15:58','2019-03-27 02:27:58','2021-03-26 09:42:01'),(81,81,3,'2016-07-30 19:02:20','2015-02-17 07:39:49','2012-02-24 05:36:47','2021-04-11 05:24:18'),(82,82,1,'2016-12-07 23:30:52','2017-12-16 09:55:42','2014-12-11 17:27:32','2021-03-29 15:27:09'),(83,83,2,'2013-06-05 08:11:54','2011-12-03 00:08:54','2018-12-20 08:45:06','2021-04-01 18:34:48'),(84,84,3,'2012-02-09 09:21:38','2013-07-22 13:41:04','2018-06-20 13:20:00','2021-04-01 03:12:52'),(85,85,1,'2015-03-29 06:14:28','2020-01-03 02:44:18','2016-06-21 00:09:12','2021-03-21 00:15:07'),(86,86,2,'2016-04-30 23:26:49','2018-03-06 15:17:52','2020-07-12 14:46:53','2021-04-12 06:52:30'),(87,87,3,'2011-07-31 14:00:19','2013-08-09 15:10:25','2018-11-01 20:01:44','2021-03-29 00:07:55'),(88,88,1,'2015-01-11 05:58:01','2018-08-27 02:18:43','2011-06-14 23:27:57','2021-04-08 05:53:47'),(89,89,2,'2020-11-28 13:25:12','2017-09-01 08:30:41','2012-03-01 11:38:52','2021-03-25 06:16:59'),(90,90,3,'2021-01-26 16:32:35','2015-11-09 01:24:44','2017-10-02 10:36:55','2021-04-03 18:54:16'),(91,91,1,'2017-03-18 12:20:26','2019-11-22 19:16:24','2020-11-14 09:36:00','2021-03-25 23:07:41'),(92,92,2,'2014-12-23 01:02:17','2018-10-03 13:55:36','2016-08-20 18:37:46','2021-03-21 00:27:22'),(93,93,3,'2017-08-19 14:38:01','2019-12-12 20:13:17','2018-05-23 10:47:08','2021-03-31 18:28:49'),(94,94,1,'2019-01-20 20:58:15','2021-03-18 08:42:41','2020-04-09 23:25:19','2021-04-09 12:00:45'),(95,95,2,'2018-08-16 22:35:36','2015-12-24 23:26:37','2021-01-01 01:42:15','2021-03-17 07:13:12'),(96,96,3,'2017-02-02 04:01:44','2018-12-04 06:04:15','2021-01-07 21:15:28','2021-03-30 02:53:13'),(97,97,1,'2014-01-18 22:28:43','2015-12-08 13:32:39','2016-05-16 03:17:46','2021-03-19 04:56:15'),(98,98,2,'2016-03-19 19:50:37','2016-01-20 19:08:34','2015-09-29 18:17:49','2021-03-25 10:59:41'),(99,99,3,'2018-10-24 18:05:28','2021-03-21 07:14:17','2018-01-06 03:52:15','2021-04-12 22:21:49'),(100,100,1,'2019-03-15 05:15:06','2020-03-28 13:35:36','2016-08-12 21:40:44','2021-03-15 13:20:59');
/*!40000 ALTER TABLE `friendship` ENABLE KEYS */;
UNLOCK TABLES;

--
-- Table structure for table `friendship_statuses`
--

DROP TABLE IF EXISTS `friendship_statuses`;
/*!40101 SET @saved_cs_client     = @@character_set_client */;
/*!50503 SET character_set_client = utf8mb4 */;
CREATE TABLE `friendship_statuses` (
  `id` int unsigned NOT NULL AUTO_INCREMENT COMMENT '╨Ш╨┤╨╡╨╜╤В╨╕╤Д╨╕╨║╨░╤В╨╛╤А ╤Б╤В╤А╨╛╨║╨╕',
  `name` varchar(150) CHARACTER SET utf8mb4 COLLATE utf8mb4_unicode_ci NOT NULL COMMENT '╨Э╨░╨╖╨▓╨░╨╜╨╕╨╡ ╤Б╤В╨░╤В╤Г╤Б╨░',
  `created_at` datetime DEFAULT CURRENT_TIMESTAMP COMMENT '╨Т╤А╨╡╨╝╤П ╤Б╨╛╨╖╨┤╨░╨╜╨╕╤П ╤Б╤В╤А╨╛╨║╨╕',
  `updated_at` datetime DEFAULT CURRENT_TIMESTAMP ON UPDATE CURRENT_TIMESTAMP COMMENT '╨Т╤А╨╡╨╝╤П ╨╛╨▒╨╜╨╛╨▓╨╗╨╡╨╜╨╕╤П ╤Б╤В╤А╨╛╨║╨╕',
  PRIMARY KEY (`id`),
  UNIQUE KEY `name` (`name`)
) ENGINE=InnoDB AUTO_INCREMENT=4 DEFAULT CHARSET=utf8mb4 COLLATE=utf8mb4_unicode_ci COMMENT='╨б╤В╨░╤В╤Г╤Б╤Л ╨┤╤А╤Г╨╢╨▒╤Л';
/*!40101 SET character_set_client = @saved_cs_client */;

--
-- Dumping data for table `friendship_statuses`
--

LOCK TABLES `friendship_statuses` WRITE;
/*!40000 ALTER TABLE `friendship_statuses` DISABLE KEYS */;
INSERT INTO `friendship_statuses` VALUES (1,'friend','2019-09-13 08:56:43','2021-04-02 04:22:09'),(2,' familiar','2013-01-07 09:58:37','2021-03-24 09:02:49'),(3,' family','2020-10-04 13:18:54','2021-04-01 22:02:14');
/*!40000 ALTER TABLE `friendship_statuses` ENABLE KEYS */;
UNLOCK TABLES;

--
-- Table structure for table `likes`
--

DROP TABLE IF EXISTS `likes`;
/*!40101 SET @saved_cs_client     = @@character_set_client */;
/*!50503 SET character_set_client = utf8mb4 */;
CREATE TABLE `likes` (
  `id` int unsigned NOT NULL AUTO_INCREMENT,
  `user_id` int unsigned NOT NULL,
  `target_id` int unsigned NOT NULL,
  `target_tupe` enum('messages','users','posts','media') NOT NULL,
  `created_at` datetime DEFAULT CURRENT_TIMESTAMP,
  PRIMARY KEY (`id`),
  KEY `likes_user_id_fk` (`user_id`),
  CONSTRAINT `likes_user_id_fk` FOREIGN KEY (`user_id`) REFERENCES `users` (`id`) ON DELETE CASCADE
) ENGINE=InnoDB AUTO_INCREMENT=201 DEFAULT CHARSET=utf8mb4 COLLATE=utf8mb4_0900_ai_ci;
/*!40101 SET character_set_client = @saved_cs_client */;

--
-- Dumping data for table `likes`
--

LOCK TABLES `likes` WRITE;
/*!40000 ALTER TABLE `likes` DISABLE KEYS */;
INSERT INTO `likes` VALUES (1,28,80,'posts','2021-04-25 15:04:50'),(2,64,44,'media','2021-04-25 15:04:50'),(3,64,89,'posts','2021-04-25 15:04:50'),(4,19,54,'media','2021-04-25 15:04:50'),(5,70,94,'posts','2021-04-25 15:04:50'),(6,66,58,'posts','2021-04-25 15:04:50'),(7,61,86,'posts','2021-04-25 15:04:50'),(8,86,49,'posts','2021-04-25 15:04:50'),(9,20,54,'media','2021-04-25 15:04:50'),(10,12,33,'media','2021-04-25 15:04:50'),(11,11,13,'messages','2021-04-25 15:04:50'),(12,5,12,'media','2021-04-25 15:04:50'),(13,28,9,'media','2021-04-25 15:04:50'),(14,73,15,'posts','2021-04-25 15:04:50'),(15,40,63,'posts','2021-04-25 15:04:50'),(16,66,39,'posts','2021-04-25 15:04:50'),(17,100,55,'messages','2021-04-25 15:04:50'),(18,18,31,'media','2021-04-25 15:04:50'),(19,96,24,'posts','2021-04-25 15:04:50'),(20,72,52,'media','2021-04-25 15:04:50'),(21,80,62,'posts','2021-04-25 15:04:50'),(22,15,62,'users','2021-04-25 15:04:50'),(23,95,68,'users','2021-04-25 15:04:50'),(24,91,91,'messages','2021-04-25 15:04:50'),(25,42,25,'messages','2021-04-25 15:04:50'),(26,54,60,'messages','2021-04-25 15:04:50'),(27,42,39,'messages','2021-04-25 15:04:50'),(28,36,42,'media','2021-04-25 15:04:50'),(29,68,63,'media','2021-04-25 15:04:50'),(30,54,29,'messages','2021-04-25 15:04:50'),(31,9,9,'media','2021-04-25 15:04:50'),(32,63,54,'messages','2021-04-25 15:04:50'),(33,35,14,'users','2021-04-25 15:04:50'),(34,39,7,'media','2021-04-25 15:04:50'),(35,80,4,'media','2021-04-25 15:04:50'),(36,77,19,'messages','2021-04-25 15:04:50'),(37,78,64,'messages','2021-04-25 15:04:50'),(38,20,51,'messages','2021-04-25 15:04:50'),(39,96,80,'media','2021-04-25 15:04:50'),(40,98,74,'posts','2021-04-25 15:04:50'),(41,9,51,'users','2021-04-25 15:04:50'),(42,22,3,'posts','2021-04-25 15:04:50'),(43,81,34,'users','2021-04-25 15:04:50'),(44,82,68,'posts','2021-04-25 15:04:50'),(45,33,39,'posts','2021-04-25 15:04:50'),(46,77,6,'users','2021-04-25 15:04:50'),(47,83,17,'messages','2021-04-25 15:04:50'),(48,94,32,'users','2021-04-25 15:04:50'),(49,62,58,'media','2021-04-25 15:04:50'),(50,79,35,'users','2021-04-25 15:04:50'),(51,45,16,'media','2021-04-25 15:04:50'),(52,14,76,'users','2021-04-25 15:04:50'),(53,25,20,'media','2021-04-25 15:04:50'),(54,43,58,'messages','2021-04-25 15:04:50'),(55,26,81,'users','2021-04-25 15:04:50'),(56,71,88,'users','2021-04-25 15:04:50'),(57,6,89,'media','2021-04-25 15:04:50'),(58,12,9,'media','2021-04-25 15:04:50'),(59,86,97,'users','2021-04-25 15:04:50'),(60,66,53,'users','2021-04-25 15:04:50'),(61,97,31,'messages','2021-04-25 15:04:50'),(62,2,42,'media','2021-04-25 15:04:50'),(63,54,93,'media','2021-04-25 15:04:50'),(64,33,53,'posts','2021-04-25 15:04:50'),(65,81,95,'media','2021-04-25 15:04:50'),(66,6,100,'messages','2021-04-25 15:04:50'),(67,9,74,'users','2021-04-25 15:04:50'),(68,85,60,'messages','2021-04-25 15:04:50'),(69,62,22,'media','2021-04-25 15:04:50'),(70,12,65,'messages','2021-04-25 15:04:50'),(71,34,35,'users','2021-04-25 15:04:50'),(72,86,79,'users','2021-04-25 15:04:50'),(73,30,38,'posts','2021-04-25 15:04:50'),(74,7,3,'users','2021-04-25 15:04:50'),(75,69,68,'posts','2021-04-25 15:04:50'),(76,92,33,'users','2021-04-25 15:04:50'),(77,70,29,'media','2021-04-25 15:04:50'),(78,95,45,'media','2021-04-25 15:04:50'),(79,88,100,'media','2021-04-25 15:04:50'),(80,65,92,'users','2021-04-25 15:04:50'),(81,94,71,'users','2021-04-25 15:04:50'),(82,99,81,'media','2021-04-25 15:04:50'),(83,11,51,'posts','2021-04-25 15:04:50'),(84,40,41,'posts','2021-04-25 15:04:50'),(85,31,84,'users','2021-04-25 15:04:50'),(86,68,29,'messages','2021-04-25 15:04:50'),(87,5,55,'posts','2021-04-25 15:04:50'),(88,51,15,'media','2021-04-25 15:04:50'),(89,23,21,'messages','2021-04-25 15:04:50'),(90,35,75,'posts','2021-04-25 15:04:50'),(91,90,62,'messages','2021-04-25 15:04:50'),(92,7,66,'media','2021-04-25 15:04:50'),(93,71,8,'posts','2021-04-25 15:04:50'),(94,53,13,'media','2021-04-25 15:04:50'),(95,93,94,'users','2021-04-25 15:04:50'),(96,3,19,'posts','2021-04-25 15:04:50'),(97,59,74,'posts','2021-04-25 15:04:50'),(98,32,26,'users','2021-04-25 15:04:50'),(99,56,64,'users','2021-04-25 15:04:50'),(100,98,18,'users','2021-04-25 15:04:50'),(101,27,6,'users','2021-04-25 18:03:02'),(102,94,35,'users','2021-04-25 18:03:02'),(103,15,35,'users','2021-04-25 18:03:02'),(104,4,84,'users','2021-04-25 18:03:02'),(105,76,79,'users','2021-04-25 18:03:02'),(106,66,81,'users','2021-04-25 18:03:02'),(107,26,33,'users','2021-04-25 18:03:02'),(108,58,26,'users','2021-04-25 18:03:02'),(109,47,62,'users','2021-04-25 18:03:02'),(110,93,62,'users','2021-04-25 18:03:02'),(111,59,88,'users','2021-04-25 18:03:02'),(112,88,3,'users','2021-04-25 18:03:02'),(113,80,74,'users','2021-04-25 18:03:02'),(114,91,79,'users','2021-04-25 18:03:02'),(115,77,35,'users','2021-04-25 18:03:02'),(116,73,74,'users','2021-04-25 18:03:02'),(117,67,35,'users','2021-04-25 18:03:02'),(118,53,3,'users','2021-04-25 18:03:02'),(119,53,32,'users','2021-04-25 18:03:02'),(120,5,88,'users','2021-04-25 18:03:02'),(121,40,74,'users','2021-04-25 18:03:02'),(122,77,33,'users','2021-04-25 18:03:02'),(123,71,18,'users','2021-04-25 18:03:02'),(124,68,76,'users','2021-04-25 18:03:02'),(125,9,92,'users','2021-04-25 18:03:02'),(126,4,51,'users','2021-04-25 18:03:02'),(127,43,33,'users','2021-04-25 18:03:02'),(128,89,33,'users','2021-04-25 18:03:02'),(129,60,53,'users','2021-04-25 18:03:02'),(130,86,64,'users','2021-04-25 18:03:02'),(131,40,51,'users','2021-04-25 18:03:02'),(132,3,97,'users','2021-04-25 18:03:02'),(133,83,64,'users','2021-04-25 18:03:02'),(134,55,94,'users','2021-04-25 18:03:02'),(135,10,74,'users','2021-04-25 18:03:02'),(136,33,53,'users','2021-04-25 18:03:02'),(137,90,81,'users','2021-04-25 18:03:02'),(138,73,74,'users','2021-04-25 18:03:02'),(139,38,62,'users','2021-04-25 18:03:02'),(140,23,53,'users','2021-04-25 18:03:02'),(141,96,51,'users','2021-04-25 18:03:02'),(142,78,33,'users','2021-04-25 18:03:02'),(143,36,18,'users','2021-04-25 18:03:02'),(144,59,97,'users','2021-04-25 18:03:02'),(145,98,76,'users','2021-04-25 18:03:02'),(146,79,92,'users','2021-04-25 18:03:02'),(147,5,18,'users','2021-04-25 18:03:02'),(148,56,51,'users','2021-04-25 18:03:02'),(149,93,71,'users','2021-04-25 18:03:02'),(150,2,51,'users','2021-04-25 18:03:02'),(151,70,34,'users','2021-04-25 18:03:02'),(152,46,62,'users','2021-04-25 18:03:02'),(153,63,6,'users','2021-04-25 18:03:02'),(154,85,35,'users','2021-04-25 18:03:02'),(155,43,33,'users','2021-04-25 18:03:02'),(156,14,71,'users','2021-04-25 18:03:02'),(157,2,62,'users','2021-04-25 18:03:02'),(158,86,35,'users','2021-04-25 18:03:02'),(159,83,81,'users','2021-04-25 18:03:02'),(160,99,3,'users','2021-04-25 18:03:02'),(161,36,33,'users','2021-04-25 18:03:02'),(162,91,71,'users','2021-04-25 18:03:02'),(163,11,79,'users','2021-04-25 18:03:02'),(164,34,14,'users','2021-04-25 18:03:02'),(165,36,53,'users','2021-04-25 18:03:02'),(166,37,51,'users','2021-04-25 18:03:02'),(167,39,53,'users','2021-04-25 18:03:02'),(168,42,26,'users','2021-04-25 18:03:02'),(169,75,92,'users','2021-04-25 18:03:02'),(170,54,34,'users','2021-04-25 18:03:02'),(171,44,34,'users','2021-04-25 18:03:02'),(172,85,6,'users','2021-04-25 18:03:02'),(173,49,68,'users','2021-04-25 18:03:02'),(174,48,32,'users','2021-04-25 18:03:02'),(175,10,26,'users','2021-04-25 18:03:02'),(176,65,33,'users','2021-04-25 18:03:02'),(177,64,88,'users','2021-04-25 18:03:02'),(178,51,64,'users','2021-04-25 18:03:02'),(179,63,74,'users','2021-04-25 18:03:02'),(180,3,94,'users','2021-04-25 18:03:02'),(181,48,64,'users','2021-04-25 18:03:02'),(182,98,81,'users','2021-04-25 18:03:02'),(183,17,26,'users','2021-04-25 18:03:02'),(184,50,32,'users','2021-04-25 18:03:02'),(185,43,34,'users','2021-04-25 18:03:02'),(186,59,88,'users','2021-04-25 18:03:02'),(187,2,74,'users','2021-04-25 18:03:02'),(188,52,34,'users','2021-04-25 18:03:02'),(189,95,3,'users','2021-04-25 18:03:02'),(190,50,32,'users','2021-04-25 18:03:02'),(191,18,97,'users','2021-04-25 18:03:02'),(192,14,14,'users','2021-04-25 18:03:02'),(193,84,33,'users','2021-04-25 18:03:02'),(194,83,81,'users','2021-04-25 18:03:02'),(195,84,53,'users','2021-04-25 18:03:02'),(196,52,33,'users','2021-04-25 18:03:02'),(197,10,81,'users','2021-04-25 18:03:02'),(198,86,51,'users','2021-04-25 18:03:02'),(199,52,3,'users','2021-04-25 18:03:02'),(200,36,51,'users','2021-04-25 18:03:02');
/*!40000 ALTER TABLE `likes` ENABLE KEYS */;
UNLOCK TABLES;

--
-- Table structure for table `media`
--

DROP TABLE IF EXISTS `media`;
/*!40101 SET @saved_cs_client     = @@character_set_client */;
/*!50503 SET character_set_client = utf8mb4 */;
CREATE TABLE `media` (
  `id` int unsigned NOT NULL AUTO_INCREMENT COMMENT '╨Ш╨┤╨╡╨╜╤В╨╕╤Д╨╕╨║╨░╤В╨╛╤А ╤Б╤В╤А╨╛╨║╨╕',
  `user_id` int unsigned NOT NULL COMMENT '╨б╤Б╤Л╨╗╨║╨░ ╨╜╨░ ╨┐╨╛╨╗╤М╨╖╨╛╨▓╨░╤В╨╡╨╗╤П, ╨║╨╛╤В╨╛╤А╤Л╨╣ ╨╖╨░╨│╤А╤Г╨╖╨╕╨╗ ╤Д╨░╨╣╨╗',
  `filename` varchar(255) CHARACTER SET utf8mb4 COLLATE utf8mb4_unicode_ci NOT NULL COMMENT '╨Я╤Г╤В╤М ╨║ ╤Д╨░╨╣╨╗╤Г',
  `size` int NOT NULL COMMENT '╨а╨░╨╖╨╝╨╡╤А ╤Д╨░╨╣╨╗╨░',
  `metadata` longtext CHARACTER SET utf8mb4 COLLATE utf8mb4_bin COMMENT '╨Ь╨╡╤В╨░╨┤╨░╨╜╨╜╤Л╨╡ ╤Д╨░╨╣╨╗╨░',
  `media_type_id` int unsigned NOT NULL COMMENT '╨б╤Б╤Л╨╗╨║╨░ ╨╜╨░ ╤В╨╕╨┐ ╨║╨╛╨╜╤В╨╡╨╜╤В╨░',
  `created_at` datetime DEFAULT CURRENT_TIMESTAMP COMMENT '╨Т╤А╨╡╨╝╤П ╤Б╨╛╨╖╨┤╨░╨╜╨╕╤П ╤Б╤В╤А╨╛╨║╨╕',
  `updated_at` datetime DEFAULT CURRENT_TIMESTAMP ON UPDATE CURRENT_TIMESTAMP COMMENT '╨Т╤А╨╡╨╝╤П ╨╛╨▒╨╜╨╛╨▓╨╗╨╡╨╜╨╕╤П ╤Б╤В╤А╨╛╨║╨╕',
  PRIMARY KEY (`id`),
  KEY `media_user_id_fk` (`user_id`),
  KEY `media_type_id_fk` (`media_type_id`),
  CONSTRAINT `media_type_id_fk` FOREIGN KEY (`media_type_id`) REFERENCES `media_types` (`id`) ON DELETE CASCADE,
  CONSTRAINT `media_user_id_fk` FOREIGN KEY (`user_id`) REFERENCES `users` (`id`) ON DELETE CASCADE,
  CONSTRAINT `media_chk_1` CHECK (json_valid(`metadata`))
) ENGINE=InnoDB AUTO_INCREMENT=96 DEFAULT CHARSET=utf8mb4 COLLATE=utf8mb4_unicode_ci COMMENT='╨Ь╨╡╨┤╨╕╨░╤Д╨░╨╣╨╗╤Л';
/*!40101 SET character_set_client = @saved_cs_client */;

--
-- Dumping data for table `media`
--

LOCK TABLES `media` WRITE;
/*!40000 ALTER TABLE `media` DISABLE KEYS */;
INSERT INTO `media` VALUES (1,1,'audio/x-flac',0,'4',1,'2016-01-29 15:07:47','2021-04-25 16:11:42'),(2,4,'image/x-portable-bitmap',773842517,'4',4,'2014-04-20 13:32:57','2021-04-25 16:11:42'),(3,5,'application/vnd.sema',3959,'2',5,'2015-05-08 21:07:08','2021-04-25 16:11:42'),(4,6,'image/x-portable-anymap',436396129,'8',6,'2017-09-19 22:26:23','2021-04-25 16:11:42'),(5,7,'application/vnd.epson.salt',8002,'7',7,'2019-03-06 09:55:25','2021-04-25 16:11:42'),(6,8,'image/ief',355806647,'2',8,'2018-10-25 14:11:45','2021-04-25 16:11:42'),(7,9,'video/ogg',92991,'5',9,'2016-10-25 23:20:00','2021-04-25 16:11:42'),(8,10,'application/vnd.ms-excel.sheet.macroenabled.12',19564958,'2',10,'2015-03-12 19:33:52','2021-04-25 16:11:42'),(9,11,'video/vnd.dece.pd',20535,'7',11,'2012-09-30 11:35:55','2021-04-25 16:11:42'),(10,12,'application/rdf+xml',703487,'3',12,'2013-02-05 01:37:50','2021-04-25 16:11:42'),(11,13,'image/vnd.net-fpx',92326991,'9',13,'2015-11-12 05:37:20','2021-04-25 16:11:42'),(12,15,'application/vnd.sun.xml.impress.template',0,'2',15,'2018-05-30 20:26:18','2021-04-25 16:11:42'),(13,16,'application/vnd.ms-ims',47952,'1',16,'2014-06-08 01:31:36','2021-04-25 16:11:42'),(14,17,'application/vnd.pvi.ptid1',1804739,'7',17,'2021-03-23 19:13:57','2021-04-25 16:11:42'),(15,18,'application/vnd.openxmlformats-officedocument.spreadsheetml.sheet',2727766,'8',18,'2019-07-05 17:15:11','2021-04-25 16:11:42'),(16,19,'text/html',4618,'9',19,'2011-12-18 03:24:54','2021-04-25 16:11:42'),(17,20,'audio/adpcm',5736433,'3',20,'2016-02-23 05:32:47','2021-04-25 16:11:42'),(18,21,'application/vnd.openxmlformats-officedocument.presentationml.template',679234,'8',1,'2019-05-06 19:50:59','2021-04-25 16:11:42'),(19,22,'application/vnd.fdsn.mseed',3973421,'6',2,'2020-04-27 10:37:24','2021-04-25 16:11:42'),(20,24,'video/jpm',27975,'2',4,'2020-05-18 05:51:21','2021-04-25 16:11:42'),(21,25,'video/3gpp2',9782,'8',5,'2012-08-03 00:27:22','2021-04-25 16:11:42'),(22,26,'application/vnd.ms-lrm',0,'4',6,'2020-12-29 15:43:20','2021-04-25 16:11:42'),(23,27,'application/x-silverlight-app',68,'6',7,'2018-04-29 20:11:35','2021-04-25 16:11:42'),(24,28,'application/x-conference',63232485,'6',8,'2017-02-19 18:31:33','2021-04-25 16:11:42'),(25,29,'text/csv',459818001,'4',9,'2014-03-12 20:23:00','2021-04-25 16:11:42'),(26,30,'image/vnd.dece.graphic',257446,'1',10,'2020-07-31 10:24:46','2021-04-25 16:11:42'),(27,31,'application/x-iso9660-image',0,'9',11,'2018-09-13 21:56:59','2021-04-25 16:11:42'),(28,32,'video/mpeg',504979953,'1',12,'2018-07-06 21:20:40','2021-04-25 16:11:42'),(29,33,'application/x-latex',970334293,'7',13,'2018-10-27 18:59:36','2021-04-25 16:11:42'),(30,34,'image/x-mrsid-image',97949,'1',14,'2018-03-10 16:15:01','2021-04-25 16:11:42'),(31,35,'application/vnd.pvi.ptid1',93,'8',15,'2021-01-21 23:49:33','2021-04-25 16:11:42'),(32,36,'application/xproc+xml',1180,'7',16,'2016-09-19 19:30:22','2021-04-25 16:11:42'),(33,37,'video/x-ms-wm',763068809,'1',17,'2011-12-22 00:30:24','2021-04-25 16:11:42'),(34,38,'application/vnd.dart',446508976,'1',18,'2016-12-31 04:21:22','2021-04-25 16:11:42'),(35,39,'application/x-tgif',86946,'6',19,'2014-04-12 14:26:14','2021-04-25 16:11:42'),(36,40,'application/vnd.sun.xml.draw.template',28,'5',20,'2020-07-11 12:45:42','2021-04-25 16:11:42'),(37,41,'application/pls+xml',3652,'8',1,'2020-06-14 13:40:37','2021-04-25 16:11:42'),(38,42,'application/vnd.webturbo',650744,'2',2,'2015-07-06 07:48:07','2021-04-25 16:11:42'),(39,43,'video/mpeg',450025,'9',3,'2017-09-09 15:32:00','2021-04-25 16:11:42'),(40,44,'application/vnd.oasis.opendocument.graphics-template',8,'4',4,'2017-12-21 07:51:44','2021-04-25 16:11:42'),(41,45,'application/vnd.ms-powerpoint',946,'1',5,'2012-03-21 09:04:02','2021-04-25 16:11:42'),(42,46,'application/ecmascript',40,'9',6,'2015-03-05 20:13:49','2021-04-25 16:11:42'),(43,48,'video/x-ms-wmx',3,'9',8,'2017-03-11 01:27:44','2021-04-25 16:11:42'),(44,49,'application/vnd.openxmlformats-officedocument.presentationml.slide',1,'4',9,'2019-05-10 12:55:47','2021-04-25 16:11:42'),(45,50,'application/vnd.sun.xml.writer.template',0,'4',10,'2015-10-23 16:44:58','2021-04-25 16:11:42');
/*!40000 ALTER TABLE `media` ENABLE KEYS */;
UNLOCK TABLES;

--
-- Table structure for table `media_types`
--

DROP TABLE IF EXISTS `media_types`;
/*!40101 SET @saved_cs_client     = @@character_set_client */;
/*!50503 SET character_set_client = utf8mb4 */;
CREATE TABLE `media_types` (
  `id` int unsigned NOT NULL AUTO_INCREMENT COMMENT '╨Ш╨┤╨╡╨╜╤В╨╕╤Д╨╕╨║╨░╤В╨╛╤А ╤Б╤В╤А╨╛╨║╨╕',
  `name` varchar(255) CHARACTER SET utf8mb4 COLLATE utf8mb4_unicode_ci NOT NULL COMMENT '╨Э╨░╨╖╨▓╨░╨╜╨╕╨╡ ╤В╨╕╨┐╨░',
  `created_at` datetime DEFAULT CURRENT_TIMESTAMP COMMENT '╨Т╤А╨╡╨╝╤П ╤Б╨╛╨╖╨┤╨░╨╜╨╕╤П ╤Б╤В╤А╨╛╨║╨╕',
  `updated_at` datetime DEFAULT CURRENT_TIMESTAMP ON UPDATE CURRENT_TIMESTAMP COMMENT '╨Т╤А╨╡╨╝╤П ╨╛╨▒╨╜╨╛╨▓╨╗╨╡╨╜╨╕╤П ╤Б╤В╤А╨╛╨║╨╕',
  PRIMARY KEY (`id`),
  UNIQUE KEY `name` (`name`)
) ENGINE=InnoDB AUTO_INCREMENT=21 DEFAULT CHARSET=utf8mb4 COLLATE=utf8mb4_unicode_ci COMMENT='╨в╨╕╨┐╤Л ╨╝╨╡╨┤╨╕╨░╤Д╨░╨╣╨╗╨╛╨▓';
/*!40101 SET character_set_client = @saved_cs_client */;

--
-- Dumping data for table `media_types`
--

LOCK TABLES `media_types` WRITE;
/*!40000 ALTER TABLE `media_types` DISABLE KEYS */;
INSERT INTO `media_types` VALUES (1,'quis','2020-03-10 06:52:34','2021-03-31 03:35:14'),(2,'in','2018-07-19 14:59:08','2021-03-24 14:35:05'),(3,'dignissimos','2019-10-24 15:33:13','2021-04-03 22:40:08'),(4,'aut','2013-05-16 07:39:17','2021-03-28 00:37:15'),(5,'ea','2012-05-01 04:40:25','2021-03-27 03:09:17'),(6,'odio','2018-03-09 17:36:23','2021-03-19 20:06:26'),(7,'sapiente','2020-02-09 17:16:35','2021-03-17 14:31:33'),(8,'temporibus','2019-01-28 05:22:36','2021-03-27 09:58:07'),(9,'sint','2016-03-31 08:41:38','2021-03-15 20:40:29'),(10,'doloribus','2017-10-10 12:52:40','2021-03-29 00:07:58'),(11,'explicabo','2019-11-03 05:15:52','2021-03-18 03:00:05'),(12,'at','2016-11-01 21:00:23','2021-04-08 02:50:58'),(13,'qui','2019-05-03 00:13:28','2021-03-21 03:46:36'),(14,'fugiat','2012-05-10 20:18:15','2021-03-28 17:13:52'),(15,'quod','2016-08-11 07:55:32','2021-03-27 23:48:54'),(16,'dolor','2011-05-12 01:47:17','2021-04-01 07:50:36'),(17,'ut','2019-05-29 02:09:49','2021-04-08 05:40:15'),(18,'rerum','2012-01-07 21:41:28','2021-03-30 21:35:50'),(19,'enim','2013-05-09 03:23:58','2021-03-15 16:49:51'),(20,'ipsa','2016-02-11 04:00:07','2021-04-04 07:12:51');
/*!40000 ALTER TABLE `media_types` ENABLE KEYS */;
UNLOCK TABLES;

--
-- Table structure for table `messages`
--

DROP TABLE IF EXISTS `messages`;
/*!40101 SET @saved_cs_client     = @@character_set_client */;
/*!50503 SET character_set_client = utf8mb4 */;
CREATE TABLE `messages` (
  `id` int unsigned NOT NULL AUTO_INCREMENT COMMENT '╨Ш╨┤╨╡╨╜╤В╨╕╤Д╨╕╨║╨░╤В╨╛╤А ╤Б╤В╤А╨╛╨║╨╕',
  `from_user_id` int unsigned NOT NULL COMMENT '╨б╤Б╤Л╨╗╨║╨░ ╨╜╨░ ╨╛╤В╨┐╤А╨░╨▓╨╕╤В╨╡╨╗╤П ╤Б╨╛╨╛╨▒╤Й╨╡╨╜╨╕╤П',
  `to_user_id` int unsigned NOT NULL COMMENT '╨б╤Б╤Л╨╗╨║╨░ ╨╜╨░ ╨┐╨╛╨╗╤Г╤З╨░╤В╨╡╨╗╤П ╤Б╨╛╨╛╨▒╤Й╨╡╨╜╨╕╤П',
  `body` text CHARACTER SET utf8mb4 COLLATE utf8mb4_unicode_ci NOT NULL COMMENT '╨в╨╡╨║╤Б╤В ╤Б╨╛╨╛╨▒╤Й╨╡╨╜╨╕╤П',
  `is_important` tinyint(1) DEFAULT NULL COMMENT '╨Я╤А╨╕╨╖╨╜╨░╨║ ╨▓╨░╨╢╨╜╨╛╤Б╤В╨╕',
  `is_delivered` tinyint(1) DEFAULT NULL COMMENT '╨Я╤А╨╕╨╖╨╜╨░╨║ ╨┤╨╛╤Б╤В╨░╨▓╨║╨╕',
  `created_at` datetime DEFAULT CURRENT_TIMESTAMP COMMENT '╨Т╤А╨╡╨╝╤П ╤Б╨╛╨╖╨┤╨░╨╜╨╕╤П ╤Б╤В╤А╨╛╨║╨╕',
  PRIMARY KEY (`id`),
  KEY `messages_from_user_id_fk` (`from_user_id`),
  KEY `messages_to_user_id_fk` (`to_user_id`),
  CONSTRAINT `messages_from_user_id_fk` FOREIGN KEY (`from_user_id`) REFERENCES `users` (`id`) ON DELETE CASCADE,
  CONSTRAINT `messages_to_user_id_fk` FOREIGN KEY (`to_user_id`) REFERENCES `users` (`id`) ON DELETE CASCADE
) ENGINE=InnoDB AUTO_INCREMENT=101 DEFAULT CHARSET=utf8mb4 COLLATE=utf8mb4_unicode_ci COMMENT='╨б╨╛╨╛╨▒╤Й╨╡╨╜╨╕╤П';
/*!40101 SET character_set_client = @saved_cs_client */;

--
-- Dumping data for table `messages`
--

LOCK TABLES `messages` WRITE;
/*!40000 ALTER TABLE `messages` DISABLE KEYS */;
INSERT INTO `messages` VALUES (1,1,1,'Officia inventore amet necessitatibus in nihil qui. Voluptas commodi eum ut quasi rerum. Officiis minus vitae dolor natus veritatis facere. Eum eius quia exercitationem cupiditate omnis dolor.',1,0,'2014-06-15 21:32:53'),(2,2,2,'Voluptatem officia eveniet id in. Provident sapiente quia ex qui dolor et. Fuga rerum itaque quos est. Praesentium aliquid quos iste minima impedit.',1,0,'2019-05-08 11:25:13'),(3,3,3,'Sint autem ut distinctio exercitationem aut nisi. Iusto qui quia eaque et.',1,0,'2019-05-08 14:45:51'),(4,4,4,'Quaerat suscipit explicabo enim eum ut culpa omnis. Ut voluptas et ullam minus. Qui porro aut animi quod.',0,0,'2015-08-26 17:48:02'),(5,5,5,'Debitis doloribus quod fuga aut et nobis. Quia sed voluptas aperiam omnis voluptatum. Quo cumque laudantium possimus aperiam. Qui quia et eligendi inventore in provident.',0,1,'2015-04-15 03:33:14'),(6,6,6,'Dolor vel laboriosam aut qui velit enim ea. Sed distinctio nostrum non sed dolorem. Ipsum voluptates sunt asperiores reiciendis. Sit et sint ut dolorum illo nihil reiciendis aut.',0,0,'2018-10-14 08:01:20'),(7,7,7,'Impedit repellat repellendus possimus totam sed fuga provident. Est suscipit officia id iusto. Repellendus voluptas aspernatur deserunt.',1,0,'2011-06-08 14:00:02'),(8,8,8,'Tenetur culpa provident necessitatibus quos suscipit. Rerum inventore delectus quis similique iusto. Et id qui a harum voluptas ut eum.',1,1,'2014-01-10 01:48:19'),(9,9,9,'Amet voluptas odio voluptatibus dolorum. Rerum qui omnis eos possimus rerum. Ab optio amet voluptas ipsum. Occaecati est dolorem sequi suscipit est cumque qui.',1,1,'2019-10-10 21:15:56'),(10,10,10,'Aut doloremque incidunt magni iste architecto. Veritatis aut quasi harum blanditiis. Quasi est iusto ut maxime.',1,0,'2015-11-13 22:43:49'),(11,11,11,'Qui laborum enim dolor et officia aut perferendis. Quae est odio est quod velit quisquam. Sunt placeat recusandae perspiciatis quo. Illo culpa occaecati repellat et.',1,0,'2015-06-22 19:26:31'),(12,12,12,'Ipsa corporis suscipit laborum praesentium. Eligendi et aspernatur in ullam sunt. Nihil in illo iure repellendus ad aliquam vitae.',0,1,'2016-06-10 21:23:59'),(13,13,13,'Similique ipsum est est qui. Tempore quia vel veniam sed quidem asperiores. Exercitationem quibusdam alias odio ut nihil.',1,0,'2016-09-07 11:23:17'),(14,14,14,'Rem consequatur possimus dolorum repellendus. Iste deserunt sapiente aut autem unde occaecati nam. Rem quia dolores dolores eius eos. Et velit enim tempora recusandae aut tenetur.',0,0,'2013-02-12 00:38:25'),(15,15,15,'Consequatur consequatur accusamus culpa. Recusandae deserunt quidem tenetur nihil. Facilis qui soluta sit laudantium delectus voluptas omnis.',1,0,'2012-06-21 21:22:47'),(16,16,16,'Eaque doloremque minima minima aperiam facere distinctio et. Impedit maxime nihil rem facere neque dolore rem fuga. Aut harum et quos vel ex perspiciatis qui.',1,0,'2016-09-04 20:07:16'),(17,17,17,'Aut nam voluptas dolore dolor ipsa blanditiis. Et animi ea accusamus animi rem repudiandae. Id aut veritatis unde ut omnis porro nostrum.',1,0,'2013-07-25 15:30:15'),(18,18,18,'Vitae consequatur voluptatibus perferendis quia. Alias sit tempora nostrum non qui. Sit error laboriosam facere voluptas tenetur.',1,0,'2018-05-27 10:47:29'),(19,19,19,'Earum magni sequi dolorem voluptatem. Dolorem excepturi amet inventore facere. Sunt voluptas cumque consequatur quisquam.',0,0,'2019-04-20 06:08:13'),(20,20,20,'Voluptas velit voluptatem aliquid et facilis accusantium a. Eligendi voluptatem aut quidem voluptatem dolorum exercitationem ullam. Sequi cum soluta rerum neque necessitatibus necessitatibus.',0,1,'2020-06-30 13:13:19'),(21,21,21,'Odit eius aut et recusandae quaerat fugit mollitia. Velit voluptas ea sint nesciunt et. Harum ab ut praesentium et.',0,1,'2012-04-15 07:56:05'),(22,22,22,'Enim omnis accusantium dolorum commodi est explicabo. Qui eum rem voluptatem quia. Et corporis dolor hic dolorum quo eligendi ullam. Architecto sequi quam quia voluptatem quia. Blanditiis dolorum saepe ad temporibus dolorem alias ullam.',1,0,'2015-01-20 19:13:50'),(23,23,23,'Beatae voluptatem accusamus rerum et. Culpa sit dolorem cupiditate natus veritatis voluptate et.',1,0,'2020-05-25 20:23:50'),(24,24,24,'Aliquid et corporis voluptatibus facere maiores accusamus maiores distinctio. Excepturi sapiente perspiciatis in. Ea omnis earum aliquam. Molestiae veniam et quis labore eaque.',0,1,'2017-12-31 06:58:43'),(25,25,25,'Magnam natus aut ad neque officiis. Sunt est reiciendis aliquam consequuntur.',1,0,'2019-12-11 23:19:21'),(26,26,26,'Tempore non excepturi dolor magnam est suscipit mollitia. Quia ratione vel quia molestiae et blanditiis consequatur.',0,0,'2017-03-11 11:36:56'),(27,27,27,'Dolor quidem culpa veritatis. Reprehenderit corrupti ea aut voluptas autem cumque natus. Aut aperiam ab voluptatum eius inventore veritatis. Omnis dolor suscipit porro dignissimos sed.',0,0,'2013-03-26 16:21:31'),(28,28,28,'Assumenda quas qui voluptatem fugiat rerum voluptatem quam. Sit blanditiis mollitia omnis sed blanditiis mollitia. Alias quasi quia ut pariatur. A impedit et recusandae et.',1,0,'2020-07-31 14:28:28'),(29,29,29,'Fuga perferendis voluptatem itaque velit inventore. Possimus illo laboriosam neque. Natus sit dolor maxime numquam voluptatem.',1,1,'2015-05-10 16:14:17'),(30,30,30,'Ipsum error atque laborum quia natus doloribus. Et et vitae soluta et molestiae culpa eaque sapiente. Fugiat sed recusandae iste delectus sunt quos sequi. Quis dolorem aut sequi qui et.',0,0,'2012-01-15 02:40:28'),(31,31,31,'Nihil reprehenderit ut quos et quidem sunt. Vel cum laudantium assumenda sit dolorum dolore fuga totam. Adipisci et totam possimus est optio aut.',1,0,'2016-11-21 12:46:33'),(32,32,32,'Aut id est voluptatem enim. Suscipit debitis est commodi explicabo consectetur quaerat. Tempore neque ullam aperiam illo veniam voluptate. Harum magnam repellendus et nemo voluptas.',0,0,'2016-08-08 03:24:27'),(33,33,33,'Et similique sit vero non molestias est. Eveniet aliquam quis placeat magni. Doloribus ab consequatur culpa sit quis illo. Quaerat fugit dignissimos nemo consequuntur rem consequatur deserunt. Autem voluptas deserunt consequatur distinctio et neque voluptas ut.',1,0,'2019-02-06 17:45:03'),(34,34,34,'Esse quaerat fuga quos ratione non quibusdam optio. Qui eaque non fugit id voluptatem quidem et ut. Earum veritatis in tempora amet architecto libero. Et quaerat sunt voluptate.',1,1,'2016-08-08 12:44:30'),(35,35,35,'Eos laborum itaque sint ipsa et voluptatibus sit. Quae voluptates ab voluptas. In delectus aut suscipit tempore qui nesciunt deleniti et. Praesentium libero quisquam magnam dolore velit consequuntur accusantium.',0,1,'2020-04-18 14:51:33'),(36,36,36,'Libero expedita quod delectus quas sed. Veniam iure cumque similique totam eum fuga sint aut. Iusto occaecati aut repellat ut odio qui accusantium. Inventore nesciunt libero quod repudiandae.',1,1,'2015-09-23 13:41:39'),(37,37,37,'Ipsam beatae non et ullam est. Iusto quia odio autem soluta molestiae. Provident deserunt voluptas dolor expedita nesciunt sed. Dolore quia earum dolores et quis qui.',0,1,'2020-06-11 03:36:00'),(38,38,38,'Et sint error aliquam molestiae quas. Sapiente eos nostrum ut tenetur beatae. Consequatur non qui nihil.',1,0,'2012-05-30 21:36:04'),(39,39,39,'Id eum blanditiis nulla nostrum occaecati. Nihil blanditiis consequuntur quia architecto. Ipsam necessitatibus quasi aut quo odio odit. Quisquam soluta aut iste quo autem voluptatibus id dignissimos.',1,0,'2016-06-05 00:12:56'),(40,40,40,'Delectus autem aliquid ipsum ex reiciendis ipsa. Et aliquam aut quia laborum et. Rerum asperiores iusto distinctio cupiditate sunt aperiam quia.',1,1,'2015-09-21 12:14:54'),(41,41,41,'Aut vitae laboriosam molestiae ut corrupti sed. Officiis rerum nam quas aut porro dolor. Ex id ducimus dolore sit omnis qui. Itaque corrupti consequuntur culpa dolorem exercitationem dolorum numquam.',1,0,'2014-06-18 02:19:07'),(42,42,42,'Et ea quidem quos eius reprehenderit libero voluptates expedita. Quae dolores iste explicabo laboriosam quisquam voluptatibus aut. Quisquam accusantium rerum sunt illo error ipsum iste.',0,0,'2019-09-03 04:05:19'),(43,43,43,'Deserunt illo repellat unde odio laborum odio est. Reiciendis at tempore nemo ducimus quis. Totam neque eos quo necessitatibus.',1,1,'2020-08-17 08:00:44'),(44,44,44,'Illo laborum eos similique iure est officia voluptatem. Voluptas omnis saepe dolorem ut repellendus iste. Iure voluptatem et accusamus voluptatem ut debitis quis. Consectetur a id autem consequatur quam.',0,1,'2013-09-14 04:57:02'),(45,45,45,'Harum ducimus est qui ipsa id laboriosam reprehenderit et. Fugit ut perspiciatis dolorem consequatur. Quaerat sequi dolor sed facilis delectus pariatur.',0,0,'2018-04-17 14:11:47'),(46,46,46,'Minus molestiae quia officia placeat aut veniam perspiciatis. Culpa nihil vel iste.',0,0,'2016-10-04 03:34:56'),(47,47,47,'Velit porro quos dolorem amet et animi nulla ut. Hic aperiam mollitia ut quia. Quasi minima ut et quidem saepe earum quasi quis. Molestiae voluptas dolor eum dolore non. Amet et sit soluta voluptas.',0,0,'2014-03-09 02:55:21'),(48,48,48,'Tenetur blanditiis commodi minus non in et perspiciatis. Architecto labore rerum omnis et architecto. Saepe possimus quia ut magnam molestiae inventore.',0,0,'2018-04-28 17:42:37'),(49,49,49,'Magni sapiente non deleniti in nostrum. Et delectus alias magnam. Ut unde facilis at odit sit omnis.',1,1,'2017-10-18 04:25:45'),(50,50,50,'Quas voluptatibus accusantium facere est aspernatur explicabo. Dicta et quia nihil placeat repellat dolores inventore mollitia. Est qui occaecati aut voluptatem.',1,0,'2020-06-05 13:38:24'),(51,51,51,'Vitae nostrum sunt quisquam. Consectetur rerum alias ut mollitia corporis hic.',1,0,'2012-04-10 07:08:34'),(52,52,52,'Est est ipsam est fugit quibusdam delectus. Commodi laudantium voluptatibus enim amet voluptas. Vel voluptatem fugit ducimus rerum voluptas adipisci dolorem. Ratione facilis fugit aut harum sint.',1,1,'2019-11-17 23:44:46'),(53,53,53,'Ex minima quisquam omnis vel optio asperiores vel. Velit cum incidunt esse aliquid dolorem reprehenderit. Dolor dolorem omnis magnam ut esse. Velit tenetur sunt suscipit maxime ipsum. Qui facilis eos sit accusamus quaerat provident aut.',1,1,'2019-10-08 08:43:04'),(54,54,54,'Quia illo eum ab vel at facere aspernatur. Aut eaque et quia et quia consequatur sint. Officia iusto qui harum ut a tempore voluptatum.',1,1,'2014-01-25 22:35:42'),(55,55,55,'Aut temporibus perspiciatis eius suscipit. Nam ea tempore velit vitae recusandae quis eos quaerat. Qui nihil quia labore qui odit nam.',0,1,'2012-01-08 05:48:17'),(56,56,56,'Magni dignissimos corrupti est asperiores. Quo corporis sit et sint.',0,1,'2019-05-10 02:41:52'),(57,57,57,'Occaecati quod quisquam quae et consequatur voluptate. Totam et et ullam rerum. Velit consequatur quam harum ea praesentium voluptas rerum.',0,0,'2014-06-10 23:24:21'),(58,58,58,'Nulla recusandae repellendus nesciunt ad ut hic. Autem in quia consequuntur et animi. Sunt id ut temporibus ipsa iure quisquam itaque.',0,1,'2017-06-09 23:56:41'),(59,59,59,'Deserunt sequi adipisci animi tempora sed corporis ut. Quos quidem facilis nemo architecto dicta. Atque qui dolorum assumenda architecto neque rerum ut.',0,0,'2017-01-19 02:22:02'),(60,60,60,'Sint et dolore et veritatis. Numquam sapiente et qui aut rerum. Cumque distinctio ex est quasi explicabo ea.',1,0,'2016-03-31 23:35:48'),(61,61,61,'Molestiae eveniet sint mollitia eaque repellendus doloribus id. Ut accusamus quibusdam nihil praesentium et. Cupiditate eaque earum laudantium sapiente magnam ut ea. Nobis occaecati quia quia vero voluptates placeat repellendus est. Vero quis atque dignissimos iure ratione provident.',1,0,'2017-01-06 01:42:56'),(62,62,62,'Dicta vitae enim doloremque ullam quisquam voluptas dolor inventore. Aut veritatis quis ullam ea. Tempora sit animi voluptatem excepturi. Nostrum quasi laudantium quo eveniet dolor.',0,1,'2019-07-07 14:06:46'),(63,63,63,'Sit omnis accusantium dolorem deleniti excepturi vel quam. Aut ut molestias voluptatem perspiciatis mollitia cumque asperiores. Placeat pariatur blanditiis in deserunt deserunt voluptatem.',0,0,'2020-12-08 10:57:10'),(64,64,64,'Voluptas ut repellendus aut sunt. Dolorem hic veniam aut omnis ut id. Consequatur nostrum ab quibusdam placeat animi. Quia sunt impedit quo quas.',0,1,'2019-04-13 04:19:40'),(65,65,65,'Expedita dolorum est libero voluptatem saepe fuga. Qui ullam praesentium aliquid aperiam enim velit nisi sint. Qui suscipit impedit laborum facere eum ea repudiandae nam. Minus unde quos vel sint quas ipsum autem.',1,1,'2017-10-08 09:51:08'),(66,66,66,'Consequatur quae minus ipsam non ab a voluptatem. Quas deleniti a autem facere et.',1,0,'2018-04-11 04:00:49'),(67,67,67,'Dolor neque aliquam distinctio quos omnis. Sint quaerat quam reprehenderit consequuntur accusantium veritatis dolorem. Sequi corporis amet voluptas.',1,0,'2013-06-18 14:38:44'),(68,68,68,'Fugiat necessitatibus tempora et occaecati alias. Sapiente culpa illum numquam culpa.',0,1,'2013-12-26 02:17:43'),(69,69,69,'Voluptas minima ipsa nesciunt. Dolorem nam harum error repellendus sunt itaque. Eos reprehenderit enim maxime quibusdam odit totam incidunt.',1,0,'2012-05-23 04:44:53'),(70,70,70,'Et sunt ducimus libero fuga natus porro est. Ex et neque maiores vel. Ut laboriosam consequatur doloribus maxime. Velit iste commodi assumenda cupiditate.',1,0,'2012-03-01 09:41:27'),(71,71,71,'Laboriosam porro et voluptas nihil odio rem laborum. Et sapiente rerum sit ea dolores neque iusto. Beatae et reiciendis commodi optio et explicabo. Ut facere in dignissimos repellendus.',1,0,'2013-06-24 16:46:19'),(72,72,72,'Officia cupiditate quis expedita. Iste cum sint earum non qui qui.',0,0,'2020-05-26 00:20:14'),(73,73,73,'Qui qui autem quis nihil. Assumenda provident et et voluptas deleniti ut ea. Animi tenetur dolores delectus itaque maxime excepturi architecto. Est pariatur aperiam exercitationem nesciunt.',1,1,'2012-04-08 18:31:27'),(74,74,74,'Quidem aperiam minima quam nisi nemo dolores. Est non illum iusto hic hic ad consequatur.',0,1,'2013-06-13 03:01:46'),(75,75,75,'Qui est minus ut placeat expedita voluptatem. Non labore et autem repellendus molestiae. Aliquid quo rerum est sit.',1,1,'2014-09-24 10:23:48'),(76,76,76,'Qui ut reiciendis qui unde consequuntur fugit et. Est accusamus ullam ea rerum dolorem quisquam. Magnam voluptas commodi at.',1,1,'2012-09-10 07:56:53'),(77,77,77,'Enim quia sit inventore et. Dolores enim totam odio. Ut distinctio ipsa voluptas rem porro non corrupti. Dolor aut odit est est.',1,0,'2016-01-21 07:20:50'),(78,78,78,'Ea sed eos voluptas. Et nisi qui necessitatibus saepe voluptates. Quia consectetur voluptatem et iusto excepturi. Quae est nam animi laboriosam sunt.',1,0,'2020-12-28 20:54:31'),(79,79,79,'Dignissimos expedita ad voluptatem ratione. Quas repellendus necessitatibus sit odio molestiae incidunt expedita. Laboriosam explicabo perspiciatis quis neque.',1,1,'2015-10-28 09:58:35'),(80,80,80,'Porro voluptatem perspiciatis et rem dolorem impedit. In consequuntur pariatur a consectetur. Voluptatem autem quis et quas. Recusandae quisquam magni qui libero quod.',1,1,'2013-05-21 03:17:31'),(81,81,81,'Consequatur cum aliquid eligendi non adipisci. Eum et rem ullam aperiam. Asperiores est mollitia impedit magni.',0,1,'2016-10-10 05:13:32'),(82,82,82,'Porro sed dicta sit. Perspiciatis eum ex est dolorem enim voluptas. Repellendus numquam illum illum excepturi nostrum commodi.',1,1,'2018-12-03 08:41:38'),(83,83,83,'Qui ipsa ab ea recusandae sint explicabo expedita et. Vitae omnis aut tempore aperiam. Et accusantium doloremque necessitatibus et rerum perferendis impedit. Consectetur ab blanditiis ea occaecati nisi. Qui et quaerat et et.',1,1,'2019-09-13 21:53:19'),(84,84,84,'Et et enim non temporibus. Nobis veritatis provident quis rerum. Et quae voluptas neque sunt optio. Quidem tempora velit eligendi culpa deserunt debitis quo.',1,1,'2017-01-23 23:17:24'),(85,85,85,'Consectetur in ea ut enim qui. Officiis et accusantium id voluptas officiis iure. Dolores at non est similique amet.',0,0,'2014-06-14 13:14:04'),(86,86,86,'Non voluptas esse velit illum aliquam corrupti. Dolor est et et et. Excepturi id fugit aut suscipit. Illo repellat iusto labore.',0,0,'2017-12-28 11:06:04'),(87,87,87,'Alias excepturi quidem esse libero odio temporibus. Expedita rem facere sint esse impedit placeat. Amet nihil doloremque est et quae.',0,0,'2015-07-28 06:31:45'),(88,88,88,'Ducimus quam nulla numquam expedita veritatis veniam. Dolorem beatae nisi fuga ad cupiditate optio dolorum. Et quo quia sapiente aut soluta. Repudiandae cumque perspiciatis sunt sed sunt rerum deserunt.',1,0,'2012-10-04 13:49:41'),(89,89,89,'Pariatur commodi omnis molestiae omnis quis voluptatem. Quo nesciunt a nisi libero. Quia tempore est enim tenetur. Sunt enim vel enim deserunt ipsam voluptatem. Placeat vero rerum minus sint odio maiores aut sint.',0,1,'2019-07-12 17:14:52'),(90,90,90,'Ut quidem aut sit. Aliquid ea amet doloribus dolorem. Necessitatibus mollitia sit quibusdam sed.',0,1,'2015-04-07 02:26:06'),(91,91,91,'Et quo vero voluptates amet velit. Occaecati voluptatem deserunt provident. Esse dolorem est veniam.',1,1,'2019-10-12 19:47:43'),(92,92,92,'Dolorem voluptatibus aspernatur est in quam quis libero. Placeat a impedit nobis sed cumque unde aut. Et consequuntur voluptates dolores in vel eveniet assumenda. Excepturi ipsam recusandae dolorem mollitia velit.',0,0,'2021-03-21 18:37:10'),(93,93,93,'Sint numquam ipsam nobis animi harum. Ipsam assumenda in rem aut in et dicta. Eaque nihil id maxime et aut ut deserunt. Quia non nobis sapiente amet eaque.',1,0,'2019-08-30 22:35:44'),(94,94,94,'Eum aliquid consectetur nam ratione eligendi aut placeat. Dolorem sequi ut est neque repellendus qui voluptas qui. Ut eligendi eos mollitia ipsum cumque et ab. Et enim eaque occaecati accusantium. Eaque eligendi cupiditate quo iste corrupti.',0,0,'2013-07-10 06:00:48'),(95,95,95,'Quidem aut voluptatem at rerum. Dolor quisquam veritatis repudiandae recusandae. Consequatur similique asperiores debitis error.',1,1,'2014-04-30 08:55:35'),(96,96,96,'Fugiat sunt nam distinctio ab voluptates eveniet quia consequatur. Ut recusandae ipsam porro. Ut consequatur sequi sunt odit.',0,1,'2016-07-02 10:36:55'),(97,97,97,'Nisi porro consequatur quia natus eum. Numquam quia facilis repellat in.',0,1,'2014-10-18 15:24:47'),(98,98,98,'Adipisci quibusdam quam eligendi aperiam numquam cumque facilis. Repellat optio consequuntur beatae. Totam dolores voluptatum ipsam qui qui. Commodi aut ad ipsam mollitia ad autem blanditiis est.',0,0,'2018-04-26 19:32:01'),(99,99,99,'Illum magni ut aliquam eos ipsa ut voluptate. Dolores et dolor exercitationem fuga tempore ea libero. Suscipit dolorem sapiente explicabo earum distinctio laudantium in. Ut fuga ex ducimus nostrum odio.',0,1,'2013-02-10 15:06:01'),(100,100,100,'Necessitatibus aliquam reprehenderit illum. Vitae quis quia ut rerum facilis illum. Et magni impedit qui expedita in repudiandae repellat adipisci.',1,1,'2016-11-08 14:27:28');
/*!40000 ALTER TABLE `messages` ENABLE KEYS */;
UNLOCK TABLES;

--
-- Table structure for table `posts`
--

DROP TABLE IF EXISTS `posts`;
/*!40101 SET @saved_cs_client     = @@character_set_client */;
/*!50503 SET character_set_client = utf8mb4 */;
CREATE TABLE `posts` (
  `id` int unsigned NOT NULL AUTO_INCREMENT,
  `user_id` int unsigned NOT NULL,
  `community_id` int unsigned DEFAULT NULL,
  `head` varchar(255) DEFAULT NULL,
  `body` text NOT NULL,
  `media_id` int unsigned DEFAULT NULL,
  `is_public` tinyint(1) DEFAULT '1',
  `is_archived` tinyint(1) DEFAULT '0',
  `created_at` datetime DEFAULT CURRENT_TIMESTAMP,
  `updated_at` datetime DEFAULT CURRENT_TIMESTAMP ON UPDATE CURRENT_TIMESTAMP,
  PRIMARY KEY (`id`),
  KEY `posts_user_id_fk` (`user_id`),
  KEY `posts_media_id_fk` (`media_id`),
  KEY `posts_community_id_fk` (`community_id`),
  CONSTRAINT `posts_community_id_fk` FOREIGN KEY (`community_id`) REFERENCES `communities` (`id`) ON DELETE CASCADE,
  CONSTRAINT `posts_media_id_fk` FOREIGN KEY (`media_id`) REFERENCES `media` (`id`) ON DELETE CASCADE,
  CONSTRAINT `posts_user_id_fk` FOREIGN KEY (`user_id`) REFERENCES `users` (`id`) ON DELETE CASCADE
) ENGINE=InnoDB AUTO_INCREMENT=101 DEFAULT CHARSET=utf8mb4 COLLATE=utf8mb4_0900_ai_ci;
/*!40101 SET character_set_client = @saved_cs_client */;

--
-- Dumping data for table `posts`
--

LOCK TABLES `posts` WRITE;
/*!40000 ALTER TABLE `posts` DISABLE KEYS */;
INSERT INTO `posts` VALUES (1,80,NULL,'Aut nisi dolores similique voluptas doloribus accusantium. Nisi aspernatur cumque repellendus beatae non corporis.','In vel natus similique magnam. Iure unde saepe quas sapiente impedit nesciunt. Minus quia laboriosam tenetur pariatur aut corrupti.',13,1,0,'1986-12-04 09:21:37','2021-04-25 16:14:18'),(2,90,NULL,'Et eum omnis et recusandae aliquid. Cupiditate ratione facilis in repellat deleniti recusandae.','Vitae delectus consequuntur rerum rerum magni occaecati. Sit magnam qui facilis aut. Sit voluptatem consequuntur facilis corporis asperiores quaerat.',3,1,1,'2000-10-04 05:57:46','2021-04-25 16:14:18'),(3,11,NULL,'Dignissimos totam similique inventore recusandae harum. Ut dolorum nesciunt quam qui soluta hic. Amet excepturi laborum architecto ut est.','Sint ratione velit quod sit asperiores earum rem. Voluptas voluptatibus et vitae quis ut temporibus officia. Dolorem tempore aut deleniti eveniet architecto cumque blanditiis ex. Eum eos nemo numquam.',21,0,0,'1974-01-10 19:49:16','2021-04-25 16:14:18'),(4,81,NULL,'Sunt accusamus ex eaque earum. Ut ut quis qui aut corrupti ad molestiae. Quae fuga et et corporis minus tempore autem. Asperiores natus sint iure voluptas ut qui. Assumenda hic non id qui id.','Consequatur tempore cupiditate quis odio vitae labore. Ratione nobis voluptatem harum temporibus. Mollitia sequi minus minima ipsa deleniti. Iusto maiores adipisci quo mollitia.',7,1,0,'1991-12-23 06:53:41','2021-04-25 16:14:18'),(5,75,NULL,'Dolor vitae quis maxime magnam saepe ducimus impedit neque. Possimus aut debitis et animi. Harum amet sit numquam in occaecati dolorem qui et.','Illum maxime dolorum repudiandae iure odio qui vitae. Sint error iste ea minus numquam. Distinctio voluptatem quae unde et vero. Quis ea enim in tenetur est sit delectus.',16,1,0,'2000-12-15 06:16:45','2021-04-25 16:14:18'),(6,29,NULL,'Consectetur cumque et deserunt sed neque. In nulla in eum sed. Aut rem ad est et. In vero beatae laborum possimus et provident dolorum.','Voluptates praesentium pariatur quis dignissimos. Quo provident accusamus laudantium laudantium excepturi ab eius. Libero aut repellendus ut nemo consequuntur rerum itaque.',14,1,0,'1973-05-04 04:21:19','2021-04-25 16:14:18'),(7,19,NULL,'Adipisci dolores similique ea. Autem aut dolor ut quis. Ullam itaque dolorum consectetur veritatis ut aliquid. Totam exercitationem et rem est eveniet dolor. Sed explicabo ut itaque officiis.','Ab harum pariatur molestias laboriosam maxime culpa aut. Ex sit eum quia ullam laborum aliquam. Magnam qui pariatur aut eligendi earum.',21,0,0,'2012-07-23 05:21:27','2021-04-25 16:14:18'),(8,8,NULL,'Animi itaque voluptatem commodi maxime. Dicta est provident vitae quia maiores incidunt libero. Ut non ipsam qui non ducimus. Sed similique corporis iusto quia.','Nemo quis ea eligendi odit. Aut qui molestiae tempora et. Voluptatem unde hic explicabo accusantium alias. Ad distinctio non nulla earum.',17,1,0,'1998-08-17 15:57:44','2021-04-25 16:14:18'),(9,81,NULL,'Ipsa quia minima qui dolores dolor. Consequatur beatae sint sed qui. Provident magni quod iusto.','Qui et dolor ea quibusdam et eligendi expedita. Accusamus sequi incidunt qui sed sequi. Ut eum exercitationem est eveniet nihil repudiandae debitis non.',21,0,1,'2015-11-26 00:37:05','2021-04-25 16:14:18'),(10,82,NULL,'Sed vel aut aliquid exercitationem consequatur. Consequatur laborum vero aperiam facilis non. Cupiditate quasi laudantium aut placeat dolor.','Dolorem velit nihil incidunt deleniti ut numquam nihil. Iste non voluptatum eos omnis explicabo blanditiis commodi. Sapiente animi consequatur aperiam quia id adipisci. Quae id provident officia blanditiis quas placeat. Minus voluptas voluptates quas perferendis fugiat nemo deserunt.',7,0,0,'1983-03-12 02:23:35','2021-04-25 16:14:18'),(11,67,NULL,'Ut eum asperiores quia aut qui sint minus consequatur. Repudiandae dolorum aut nisi vel. Velit repellendus et sapiente laboriosam saepe ipsa.','Sequi molestiae repudiandae in in sed error molestiae. Iste nemo labore sed voluptatem veniam iste similique. Id inventore minus dolores nam.',18,0,1,'1979-11-09 10:19:14','2021-04-25 16:14:18'),(12,90,NULL,'Officiis aut qui consequatur ut earum alias sint dolore. Eligendi est amet vel aut et. Quam in quia occaecati blanditiis libero est.','Et quia nulla autem sint aperiam fuga placeat. Consequatur optio architecto adipisci repellat ut quisquam. Necessitatibus pariatur dolores ullam doloribus nam.',24,0,1,'2010-06-09 15:38:43','2021-04-25 16:14:18'),(13,45,NULL,'Quia in qui natus rerum quis. Quae atque omnis fugiat et facere. Laudantium animi veritatis sapiente dolores. Necessitatibus voluptas et laborum.','Veritatis amet vel eum molestiae itaque molestiae exercitationem. Aut sit dignissimos eius non. Sed unde et voluptatem quasi voluptas laudantium quia. Est ut maiores voluptatem veniam.',19,0,0,'1992-06-29 09:38:32','2021-04-25 16:14:18'),(14,57,NULL,'Dolor possimus in animi odit labore consequatur cum. Maxime necessitatibus tenetur recusandae. Culpa et omnis eligendi ut tenetur nihil.','Possimus necessitatibus alias reiciendis consequuntur. Ad sit id quos hic voluptatem nam et. Natus debitis qui deserunt nam sed eos consequatur.',24,0,1,'1988-03-05 16:15:51','2021-04-25 16:14:18'),(15,47,NULL,'Modi nulla cumque labore nam beatae cumque similique. Minima illum non earum inventore. Omnis earum eos ad accusamus.','Voluptate officia quasi consequatur omnis nesciunt. Ea velit cupiditate nemo dolor. Facere quam debitis et molestias quam nesciunt.',18,0,0,'2011-07-01 00:39:22','2021-04-25 16:14:18'),(16,67,NULL,'Aut laborum sit nemo. Maiores ipsam at et quia. Et repellendus veniam non in fugit odit minima. Voluptates ut et nostrum reiciendis eos mollitia. Ea hic non voluptates et non laudantium.','Aut sit omnis nobis animi. Nisi cupiditate voluptas et. Harum voluptas magni exercitationem sapiente et eveniet. Tenetur ut repellat magnam.',19,1,1,'2008-12-08 14:26:04','2021-04-25 16:14:18'),(17,91,NULL,'Ut dolor ad minus deleniti accusantium. Et alias earum facilis. Voluptatem neque aut dolores iste iure vel. Rerum doloribus debitis in provident cum. Necessitatibus quas itaque sequi necessitatibus.','Quos provident ipsa qui enim. Porro eum fugit et aut quisquam quas ea rerum. Perspiciatis sint neque voluptatibus id nam rerum. Voluptatem et incidunt quidem consequatur non dolores earum dolores. Nisi non laudantium corporis pariatur ipsa qui.',37,0,0,'2020-05-01 13:19:44','2021-04-25 16:14:18'),(18,54,NULL,'Natus vitae odio neque eos est blanditiis cumque quia. Nostrum ad omnis itaque consequatur. Voluptatem libero eum in quis eveniet ut tempore.','Non distinctio in omnis molestiae quisquam beatae nam. Consequuntur nulla rerum voluptas provident. Odit eos dicta aut quibusdam natus alias.',39,1,0,'1983-04-19 00:12:58','2021-04-25 16:14:18'),(19,98,NULL,'Quia ab aut laborum non. Beatae magni molestiae asperiores ea autem ducimus nisi.','Officiis voluptas quasi magnam omnis et similique. Repellat esse enim suscipit aperiam veniam nostrum. Nostrum nihil doloremque placeat reprehenderit et.',40,0,0,'2012-07-25 08:01:33','2021-04-25 16:14:18'),(20,25,NULL,'Labore natus quia minus vel adipisci vel. Exercitationem eos velit expedita voluptas quam veritatis porro. Itaque qui aut assumenda ipsam quam cupiditate ut voluptas. Id illo minus quas iure vel.','Consequatur ad iure sapiente ut et. Repellat quam fugiat et repudiandae quas. Ut soluta distinctio expedita vitae eius temporibus maxime. Aut nihil voluptate aut temporibus error dolore.',36,1,1,'1981-12-11 21:59:21','2021-04-25 16:14:18'),(21,30,NULL,'Est nisi aut autem voluptas nobis. Veniam ab repellat velit cumque vel. Quasi debitis tenetur enim architecto odit vitae occaecati aperiam.','Placeat consequatur autem quia vel deserunt est. Et maxime quaerat occaecati quis a iusto quam.',15,0,0,'2019-02-20 22:06:54','2021-04-25 16:14:18'),(22,75,NULL,'Culpa commodi est maxime quos reprehenderit nobis. In velit aut rem quaerat odio distinctio. Ut reprehenderit voluptas consequatur dolorem error. Qui tempore quisquam molestiae ab voluptate.','Ut ad nam sunt consequatur rerum sint soluta. Et saepe ut voluptatem eos blanditiis.',10,1,1,'2015-10-27 05:59:24','2021-04-25 16:14:18'),(23,87,NULL,'Est ut aut libero ratione veniam tempore. Quia est rerum nemo quo iure architecto. Ullam eos earum ullam sunt quas earum eum. Vel dolorem eos est.','Voluptas dolor reiciendis libero eum recusandae a laboriosam. Ut nobis sunt magni ad optio. Enim cupiditate neque suscipit maiores similique eos. Similique aut et sint libero iure veniam amet.',5,0,0,'1997-10-12 18:12:29','2021-04-25 16:14:18'),(24,8,NULL,'Illum cumque sint labore nisi. Pariatur rerum ab minus debitis autem pariatur facilis. Rem et officia omnis neque.','Voluptatibus eum recusandae voluptas sed ut. Voluptatibus nulla consequuntur dolorum saepe. Assumenda delectus voluptatem qui quo sed quas.',40,1,1,'1974-02-11 01:05:41','2021-04-25 16:14:18'),(25,78,NULL,'Facere esse voluptas itaque aut quos cumque perspiciatis. Harum modi velit repellendus et et perspiciatis eos.','Excepturi et impedit odit amet. Nihil iste debitis odit reprehenderit molestiae. Consequatur sunt quasi praesentium quam earum laudantium dolorum facere.',5,0,1,'1999-07-07 11:29:47','2021-04-25 16:14:18'),(26,66,NULL,'Explicabo quasi cumque animi voluptatem optio. Sit aut molestias voluptates perferendis voluptas. Ducimus hic aperiam architecto voluptatibus fugiat.','Aliquam magni mollitia rerum et suscipit nam. Facere architecto ut sit ea accusamus facere. Unde inventore voluptatum culpa eaque ducimus facere.',37,1,1,'1999-09-04 09:55:41','2021-04-25 16:14:18'),(27,97,NULL,'Sed dicta eum praesentium ut. Qui consequatur at vel suscipit voluptate amet. Consequatur omnis consectetur ad quasi ullam. Est dolorem facilis magnam provident animi.','Ea fugit praesentium fuga culpa. Unde distinctio non ut vero ad cupiditate. Debitis enim incidunt blanditiis ut cupiditate nihil.',38,1,0,'2012-06-30 17:00:59','2021-04-25 16:14:18'),(28,86,NULL,'Architecto omnis nulla corrupti fugiat voluptatem eligendi facere. Et reprehenderit laborum natus rem corrupti. Quae voluptas ab minima repellendus veritatis.','Est nihil rerum dolorum amet et et vero. Odit placeat alias assumenda unde cupiditate. Sit dolorem consectetur eum optio eum. Aut adipisci est voluptatum nesciunt illum.',31,0,1,'1983-06-17 09:21:33','2021-04-25 16:14:18'),(29,39,NULL,'Sit aliquid et labore tempora voluptas nisi. Inventore expedita facere eos rerum. Aut dolorem repudiandae nemo qui quia.','Est at saepe est voluptate molestias reprehenderit. Repellendus quia error deserunt vero doloribus et soluta. Aut doloribus officia iure corporis sunt. Temporibus porro et animi ipsum odit.',43,1,0,'1995-09-22 00:41:13','2021-04-25 16:14:18'),(30,38,NULL,'Rerum accusamus amet eos itaque libero nulla. Nam id a earum tempora non. Quis aperiam pariatur iste consequatur dolor esse. Delectus sapiente molestias qui.','Aut quaerat necessitatibus consequatur harum ut ut sint quam. Qui beatae molestiae consequuntur at suscipit iste. Nihil enim aut ratione qui corrupti qui nostrum.',31,1,0,'1971-03-31 01:35:07','2021-04-25 16:14:18'),(31,70,NULL,'Quisquam tempora pariatur dicta porro qui. Magnam eligendi rerum dolor earum. Sint quia labore repellat consectetur. Non accusamus praesentium quia autem dolore voluptate similique.','Ut ex dolorem et cum. Aut labore molestiae aut est quod id. Est ut consequatur ut tempora.',23,0,1,'1999-03-08 11:06:41','2021-04-25 16:14:18'),(32,37,NULL,'Et rerum in voluptas aut eum qui. Laborum rerum provident minus quia magnam beatae. Consequuntur aperiam autem quaerat corrupti vel velit et recusandae.','Expedita quas mollitia aut ut qui. Nemo minima numquam eos velit commodi voluptatum nulla. Qui et exercitationem dolorum officiis. Harum aliquid error laboriosam maxime eos.',24,1,1,'2007-08-11 08:44:50','2021-04-25 16:14:18'),(33,72,NULL,'Tempore libero exercitationem consequatur quae. Nulla a dolor fugiat nihil sequi. Voluptatem autem qui quibusdam eveniet. Non laboriosam eveniet qui. Et sapiente sunt est facere quasi.','Eos libero animi aliquam soluta corrupti sapiente libero reiciendis. Qui cum eos temporibus id iure sit voluptatem. Voluptatem accusamus aut consequatur quidem ut eligendi.',5,1,0,'2015-07-17 11:11:11','2021-04-25 16:14:18'),(34,51,NULL,'Quisquam laborum necessitatibus est nisi. Est rem quisquam sit officiis dolorem sit. Deserunt cupiditate ipsum blanditiis voluptate commodi. Ut molestiae culpa dolores nihil aliquid autem.','Magni ut nam libero consequuntur voluptatum aperiam. Nisi amet corporis necessitatibus ut corporis nihil ut et. Nemo et et quidem. Quibusdam ut dolore sed fugiat aut autem.',41,0,1,'2014-06-26 22:56:18','2021-04-25 16:14:18'),(35,37,NULL,'Exercitationem expedita voluptate sunt maiores pariatur similique aspernatur. Dignissimos aliquid natus quidem. Eaque eos tempore aliquam veniam ut atque.','Sed itaque eaque quaerat rerum. Beatae sed autem blanditiis et accusamus optio. Autem voluptatum aut esse aut perspiciatis eum. Ex omnis velit sunt cum ex.',10,1,1,'2010-08-17 15:12:44','2021-04-25 16:14:18'),(36,33,NULL,'Consectetur soluta ipsam omnis beatae animi animi. Quaerat sapiente asperiores similique eligendi omnis exercitationem repellat autem. Consequatur repellat ut maxime.','Magni non sit et occaecati earum laudantium ut. Quasi facere cumque corporis culpa ratione. In cupiditate voluptas numquam.',15,1,1,'1990-05-22 17:15:04','2021-04-25 16:14:18'),(37,52,NULL,'Vitae laborum molestiae est at asperiores voluptas dolor. Eaque nulla in tempora blanditiis est. Assumenda minus velit et.','Ut hic in et aut aliquam distinctio vero. Ea minima aut doloremque vero sit. Dolores omnis sed reiciendis fuga. Ipsam cupiditate consequatur velit.',1,1,1,'2002-01-29 08:18:52','2021-04-25 16:14:18'),(38,61,NULL,'Illum incidunt quam praesentium. Est voluptatem sed architecto consequatur voluptates. Illo similique voluptatem et fuga quos. Incidunt nihil labore est voluptates eius perferendis.','Ex sunt quas autem totam perspiciatis. Omnis qui enim quia sit. Illum fuga sit eligendi autem placeat.',6,1,1,'1992-09-14 22:02:40','2021-04-25 16:14:18'),(39,47,NULL,'Qui inventore hic dolorum aut. Ipsum aliquam rerum temporibus est non. Esse earum aliquid nihil.','Cumque maxime placeat reiciendis expedita. Minus rerum saepe et. In quo optio non eum quisquam.',27,1,1,'1984-02-17 18:30:04','2021-04-25 16:14:18'),(40,51,NULL,'Laudantium qui beatae sint et. Sunt saepe aspernatur omnis non sunt et nemo non. Fuga ullam et dolorem esse. Ut aspernatur at eos expedita qui.','Hic placeat dolor vel quod rerum exercitationem exercitationem sed. Tenetur consequuntur voluptate dolor libero. Ut sequi qui corrupti molestiae.',26,0,1,'2007-08-03 12:42:13','2021-04-25 16:14:18'),(41,14,NULL,'Perferendis vel sapiente odit sint ut. Nobis ipsum consequuntur repellendus sequi dicta. Eius molestiae facere delectus quaerat. Nobis facere sunt ipsa officiis itaque ipsum temporibus enim.','Dignissimos voluptatem voluptate dolores blanditiis eaque. Reprehenderit officiis nam repudiandae aut sint dolore. Ea labore nostrum eos ducimus voluptatum. Ex reiciendis ut sit earum a molestiae maiores.',4,0,0,'2010-12-23 11:41:04','2021-04-25 16:14:18'),(42,18,NULL,'Cumque aliquid beatae possimus. Quia quas accusantium totam quia.','Inventore deleniti sit quis. Deleniti sint explicabo praesentium a excepturi. Laudantium possimus molestias distinctio doloribus minus architecto.',32,0,1,'1998-02-21 17:47:03','2021-04-25 16:14:18'),(43,47,NULL,'Et itaque architecto officiis doloribus consequatur. Porro natus est unde fugiat. Atque sed consequatur fugiat repellendus laborum et rem. Adipisci blanditiis soluta distinctio omnis omnis sed.','Sed voluptatibus deleniti aliquam repellendus commodi. Omnis modi rem nisi rerum sit. Dolorum commodi quaerat quos saepe qui error rem. Accusantium amet esse eaque eligendi sint corrupti.',11,1,1,'2016-04-12 07:16:22','2021-04-25 16:14:18'),(44,81,NULL,'Quia optio dicta unde est et dolore nostrum. Omnis voluptatem deserunt illo nemo. Odio voluptatem quia provident nulla sit.','Non omnis officia id et voluptatibus. Deserunt sequi hic at quaerat voluptatibus recusandae porro. Culpa necessitatibus aut perferendis provident et. Sint deleniti aut ea vel laudantium vitae.',6,0,0,'1975-09-20 05:31:32','2021-04-25 16:10:05'),(45,63,NULL,'Dolore asperiores consequuntur aut non natus porro consequuntur iste. Quis qui impedit qui fugiat. Est est tempora vero eum.','Aut excepturi sint vero voluptatem nulla. Qui sed quia ipsa cupiditate laborum sit quae. Rem velit deleniti et quos sunt aspernatur ut provident. Est quae laborum aut mollitia enim blanditiis.',38,1,0,'2009-10-29 18:02:48','2021-04-25 16:14:18'),(46,71,NULL,'Sint quidem voluptate magnam provident. Distinctio inventore atque esse sequi. Quasi maiores quis autem. Quam dicta architecto sequi quo.','Omnis voluptate ad maiores eligendi nobis dignissimos. At dolorem minus quia adipisci placeat aut voluptatem. Qui ipsum voluptas enim.',38,1,1,'1988-02-10 09:19:57','2021-04-25 16:14:18'),(47,67,NULL,'Aut quia commodi ab repudiandae quasi sapiente. Adipisci laboriosam eaque dolores nihil. Ipsa esse vel et sed sed et. Illum voluptatibus culpa provident fugit fuga.','Ut sint recusandae doloribus temporibus natus. Dolorem eligendi voluptas et voluptate. Dolor eum quas dolore ut maxime itaque a. Tempora sapiente est architecto assumenda quos possimus veniam.',30,1,0,'1982-03-11 13:45:12','2021-04-25 16:14:18'),(48,20,NULL,'Optio dicta sed aperiam velit qui natus illo. Et voluptatem rerum et nihil autem. Error pariatur repellat itaque.','Omnis aut sint molestiae vero. Totam sequi sunt ea maiores aliquam consequatur eligendi. Eveniet aut minus ut provident est voluptatibus.',35,0,1,'1985-01-22 15:51:21','2021-04-25 16:14:18'),(49,1,NULL,'Non laboriosam at delectus eum quidem. Deleniti eius natus quis omnis consequatur qui illum. Sed odio autem animi doloribus. Quae ab porro exercitationem et fuga.','Nostrum delectus ipsum labore error. Similique dolore eligendi officiis. Commodi iusto et inventore laboriosam ut dolorem.',39,0,0,'1992-04-21 12:13:54','2021-04-25 16:14:18'),(50,42,NULL,'Ex commodi animi qui qui voluptates rerum. Perspiciatis cumque cum soluta ut fugiat ullam. Eos corrupti autem et. Dolor nemo omnis excepturi iste quasi nihil.','Itaque quam repellat eum blanditiis sint a quibusdam. Nihil laudantium dolores odio doloremque.',1,0,1,'2003-08-24 20:10:00','2021-04-25 16:14:18'),(51,7,NULL,'Esse et consequatur voluptas quibusdam tempore nihil beatae. Est quam nobis quam magnam debitis. Ut qui iste et facere optio maxime rerum.','Ducimus deleniti maxime a suscipit accusantium ea officiis. Facilis beatae quasi provident omnis architecto ut. Neque quo sed enim quia aut sed. Eveniet modi natus ex.',21,0,1,'1979-01-26 19:27:42','2021-04-25 16:14:18'),(52,10,NULL,'At ipsa ipsam quidem fugiat voluptas. Incidunt ducimus voluptas et ut itaque. Et consequatur atque nihil ipsum. Unde eligendi commodi ullam nam iste aliquam.','Beatae sit placeat ipsa deleniti. Ab culpa perspiciatis dolor dolores. Soluta error non qui omnis non. Totam repellendus temporibus quia est praesentium.',11,0,1,'1990-04-21 18:30:05','2021-04-25 16:14:18'),(53,26,NULL,'Quaerat dolorum voluptates et eum. Aut ut sed id. Reprehenderit possimus quo in rerum enim nemo omnis. Architecto sed pariatur aut rem veniam ducimus rem.','Vel dicta eum quia. Et impedit quis quia. Eum quod et eum praesentium officiis totam assumenda. Nulla accusantium modi officia numquam hic non.',39,0,1,'1973-08-06 13:14:51','2021-04-25 16:14:18'),(54,2,NULL,'Ut aspernatur asperiores quo et. Nostrum iusto minima architecto nisi velit. Saepe quo beatae et.','Facere voluptate placeat aspernatur dolore esse asperiores quasi. Quod corporis alias recusandae sed. Sint fugiat itaque similique vel id minus adipisci. Totam placeat sed et. Voluptatum temporibus asperiores non quis voluptas.',26,0,0,'2008-04-13 15:32:23','2021-04-25 16:14:18'),(55,29,NULL,'Dicta voluptatem eaque et quaerat qui beatae voluptas deleniti. Accusamus reiciendis ut excepturi maxime. Laborum exercitationem dolorem nihil et libero.','Perferendis iure qui enim eos sit. Quia a iste est deleniti sapiente sit qui vel. Quam est magni consequatur. Repudiandae nihil nam aliquid ut suscipit eligendi.',12,1,0,'2000-05-07 07:12:11','2021-04-25 16:14:18'),(56,39,NULL,'Quas occaecati iure aliquid. Accusantium sint ut aut amet. Ab occaecati dolorem sint repellat nam modi. Officia non qui doloribus laboriosam.','Quibusdam voluptatum sint eos molestiae cupiditate ut aut. Omnis sapiente enim eaque nemo cumque nisi dolores. Qui omnis autem accusamus autem asperiores deleniti repudiandae. Eius totam non sed vel.',25,0,1,'2003-04-21 01:33:14','2021-04-25 16:14:18'),(57,10,NULL,'Dignissimos quia vel quia officia neque. Assumenda consequatur alias blanditiis libero cum iusto aperiam. Vitae error facere reprehenderit qui.','Ut omnis sunt qui. Voluptatem et inventore est et delectus. Eaque quam consequatur labore ut ut totam quia ut.',1,1,0,'1995-05-13 21:26:42','2021-04-25 16:14:18'),(58,29,NULL,'Qui ut libero exercitationem ut officia. Et cum est et aspernatur. Eius quia quasi ea est qui.','Expedita qui temporibus unde et et aut. Ea inventore illum aut alias nam praesentium magni. Et dolorem omnis reiciendis molestias veritatis ipsam. Ut fuga veniam laudantium fuga commodi.',18,1,0,'2005-06-09 18:51:28','2021-04-25 16:14:18'),(59,18,NULL,'Aut maiores est fuga eum aliquid ut tenetur. Ipsa provident nisi quas quo. Quam quasi natus repellendus et eligendi facere odit. Impedit dolores est voluptatem reiciendis.','Qui corporis est aliquid. Expedita ipsam minima amet. Eaque aut non alias voluptas alias et. Nisi voluptatum consequatur commodi et dolorem.',43,0,0,'1975-04-26 10:57:46','2021-04-25 16:14:18'),(60,100,NULL,'Mollitia nobis quia voluptas et. Minus ipsum quaerat et repudiandae fuga. Et eos dicta ut facere. Aut praesentium placeat nesciunt suscipit. Veritatis doloremque aut repellendus aut quis et aliquam.','Suscipit ab quod autem. Minus voluptas ut assumenda. Incidunt nesciunt sunt dolor et debitis deleniti. Voluptas natus possimus at blanditiis dolores quibusdam. Dolores commodi aspernatur omnis et qui nulla vel.',27,1,1,'2010-01-07 16:19:34','2021-04-25 16:14:18'),(61,48,NULL,'Optio eum alias adipisci. Rem repellat consequatur qui quos consequatur. Architecto possimus expedita harum ex et enim vitae tempore.','Fugiat aspernatur itaque non. Et tenetur id incidunt dolor debitis ipsum quisquam. Aut eum neque ipsum eum consequatur officia. Eius repudiandae molestiae et eum unde voluptatum neque.',2,0,0,'2002-12-27 01:39:31','2021-04-25 16:14:18'),(62,39,NULL,'Numquam repudiandae ut fugiat perspiciatis. Est quibusdam sit quibusdam voluptates rerum blanditiis at. Provident est ut architecto necessitatibus perferendis. Dolor cum quis voluptatibus modi et.','Aut porro rem numquam quasi. Architecto molestiae autem explicabo itaque. Vero iusto aliquam doloremque quia deleniti rerum culpa.',20,0,1,'1990-01-11 06:51:27','2021-04-25 16:14:18'),(63,51,NULL,'Rerum aperiam amet necessitatibus necessitatibus. Repellendus velit quidem minus dolorem ipsa autem nam facere. Sunt consectetur aspernatur qui non.','In qui autem amet officia distinctio et. Molestias cum et enim consequatur dicta non. Corporis iusto dolor ipsam est. Provident non recusandae quis. Laborum blanditiis soluta et consequatur qui commodi.',2,1,1,'1978-06-25 16:43:32','2021-04-25 16:14:18'),(64,36,NULL,'Sed nihil ad nulla officiis iste eos. Nulla incidunt et quo iusto ut ut consectetur. Fuga molestiae suscipit quibusdam qui eum. Praesentium quae non molestias tempore quibusdam deserunt cumque.','Impedit ut nisi quos autem. Aut ratione sunt maxime repudiandae et dolor. Voluptatem soluta doloribus beatae architecto dolorum dolor illo. Ea corporis assumenda veniam cumque et qui sequi.',39,0,1,'2017-05-12 17:09:18','2021-04-25 16:14:18'),(65,26,NULL,'Totam molestiae adipisci atque unde voluptatibus quo iure. Ipsam explicabo nam recusandae et dolores accusamus aut. Nihil qui molestiae voluptatem animi.','Quia eveniet consectetur eos reprehenderit. Est provident aut velit. Eius et sunt ipsam accusamus praesentium similique. Quidem autem voluptatem aut quo quam odio autem libero.',12,1,1,'1973-10-17 01:30:35','2021-04-25 16:14:18'),(66,24,NULL,'Molestiae qui laborum quas. Vitae consequuntur dolorem aut cum consequatur aliquid quis.','Dolore numquam sed tempore nihil aperiam fugit. Sit earum nam ut nisi tenetur. Facere molestias ipsa natus rem est voluptatum.',29,0,1,'2018-11-28 11:55:49','2021-04-25 16:14:18'),(67,39,NULL,'Beatae quia nulla nihil ea debitis rerum eligendi. Quo aut et culpa soluta eius omnis. Ab ut rerum numquam nobis qui est inventore.','Est quasi a laboriosam necessitatibus. Nulla quaerat quia consequatur adipisci nemo in. Exercitationem deserunt reprehenderit excepturi sed iure.',19,1,1,'2004-07-10 05:11:04','2021-04-25 16:14:18'),(68,24,NULL,'Voluptate sequi earum ut omnis officiis veritatis. Alias enim labore voluptatum in eligendi cupiditate. Molestias aut autem temporibus libero. Veritatis fuga vero deleniti quia nihil quis esse.','Placeat culpa reiciendis nemo quia ut autem quia. Nisi accusantium facere exercitationem dolores id aspernatur eum. Nisi delectus aut autem cumque quidem est. Odit omnis sed maiores nesciunt magni.',10,0,1,'1970-04-06 03:15:11','2021-04-25 16:14:18'),(69,1,NULL,'Ut aut vitae quisquam. Aspernatur alias libero eos reprehenderit. Fuga et ut excepturi incidunt.','Commodi delectus sunt totam non nulla. Labore nesciunt veritatis ut ea id distinctio sunt. Itaque qui fuga sit est quae quis consequatur. Enim totam aut maiores nam.',36,1,1,'1996-08-14 14:22:02','2021-04-25 16:14:18'),(70,31,NULL,'Qui distinctio blanditiis earum nisi. Ut dolores qui soluta vero deleniti in accusamus.\nQuo nesciunt voluptatem harum modi sint. Et sint vero sed veniam eveniet aut aut quis.','Reprehenderit laudantium veritatis molestiae beatae dolorem. Modi quia aliquam iste magni. Id ducimus hic recusandae ab ad similique est.',16,1,0,'1989-03-10 13:32:59','2021-04-25 16:14:18'),(71,54,NULL,'Placeat dolor debitis maxime aliquam qui quod dolores. Tenetur dignissimos architecto quisquam ab dolores voluptas ut. Aut atque nesciunt placeat eum omnis.','Aut ea natus vel nihil maiores fuga. Consequatur id necessitatibus amet mollitia dolores molestiae molestias. Adipisci sequi beatae maiores explicabo aut similique. Aliquid sit eum excepturi reiciendis nulla. Quia nihil animi facilis iste.',18,1,1,'2016-11-29 00:35:16','2021-04-25 16:14:18'),(72,77,NULL,'Voluptas laborum incidunt autem animi. Aut omnis eum fugiat est quidem labore. Vel fuga eos odio voluptatem ipsa consequatur. Quasi molestiae eos esse eius sed et nesciunt facere.','Ipsum aliquam accusantium nihil dolore. Illo sapiente dolorum aliquam dolore eum. Dolorum nobis ratione totam sit qui sint. Quisquam aut voluptatem occaecati vitae. Voluptas et dolores voluptas magnam maxime in ut.',38,1,0,'1970-12-12 09:54:23','2021-04-25 16:14:18'),(73,21,NULL,'Qui et ut adipisci ab. Quia est qui ad. Tempore culpa ipsa recusandae qui dolore.','Tenetur praesentium voluptatem et esse molestias. Maxime explicabo consequuntur qui provident. Dolore assumenda voluptatibus enim sapiente odio quibusdam vero.',2,0,1,'1988-11-23 21:38:46','2021-04-25 16:10:05'),(74,73,NULL,'Qui alias ipsum tenetur est. Hic tempore iure quod et. Maxime quis repellendus qui delectus cum laborum ipsa. Enim autem est modi quis. Alias repellendus in sit ut provident non atque.','Sit placeat nulla laborum debitis ullam. Voluptas reprehenderit deleniti accusamus neque eaque cupiditate voluptatibus. Aperiam omnis cupiditate consequatur ex necessitatibus. Ut laboriosam voluptatibus laborum. Ea dignissimos ex quas totam corporis.',29,0,1,'2009-06-15 09:08:03','2021-04-25 16:14:18'),(75,2,NULL,'Nemo sint est repellat sed itaque ratione. Pariatur laboriosam quis perspiciatis et accusantium dolor. Ab rerum eveniet et dicta quia ad. Nemo voluptatibus unde porro aliquid qui ratione libero.','Rerum nobis voluptatem soluta et est amet aut. Aspernatur distinctio nesciunt qui aut iste corporis qui fuga. Voluptas dolor eum quod.',5,1,0,'1971-12-26 03:12:35','2021-04-25 16:10:05'),(76,90,NULL,'Est rerum ut possimus eum. Nam saepe illum voluptas omnis debitis. Porro atque saepe est fugit accusamus perferendis.','Omnis magnam omnis labore quisquam vel enim deserunt. Placeat ducimus est hic ea. Voluptatem dolor voluptatum dolores quo quos et ducimus. Quibusdam quidem ratione non velit.',27,1,1,'2014-03-24 15:58:27','2021-04-25 16:14:18'),(77,44,NULL,'Explicabo tempore sed debitis maxime eum. Rerum impedit minus voluptate. Perspiciatis tenetur sequi aut dolor voluptatibus. Error error itaque voluptas.','Velit at expedita omnis quasi expedita. Voluptatem ipsum fugit necessitatibus alias est architecto quos. Eos quae quam illum porro ut.',29,1,0,'2009-02-13 08:16:45','2021-04-25 16:14:18'),(78,50,NULL,'Nobis et consequuntur tempora nihil. Voluptas dolor qui aut id odio. Modi repellendus recusandae rerum aut dignissimos. Molestias alias quasi qui et eius qui.','Perferendis optio dignissimos fugiat saepe possimus velit sed. Quidem sequi inventore quia. In officiis enim dolor eveniet.',19,1,0,'1994-05-14 21:53:15','2021-04-25 16:14:18'),(79,18,NULL,'Et ipsam accusamus voluptas quae. Et fugiat ab ex libero blanditiis et voluptatem. Eum ratione ipsam sed deleniti voluptatibus debitis deserunt.','Tenetur voluptas est molestias omnis esse quod aspernatur. Aut reiciendis sed veniam eum error voluptatem qui et. Dolor nisi voluptates sit incidunt rem. Ab a eum quisquam sed ipsa. Rerum amet inventore exercitationem officiis laudantium.',7,1,0,'2018-08-09 22:37:58','2021-04-25 16:14:18'),(80,38,NULL,'Non quod nihil dolores eveniet odit libero sit. Quibusdam voluptatem adipisci sunt. Fugiat quia saepe qui ex iste ullam.','Qui sed voluptas veniam tempore corrupti ut iure. Qui distinctio ratione sit ut. Aut veniam illo nam veniam unde dolore vel. Dolorem eum nihil temporibus qui ipsam suscipit quos.',22,0,1,'2010-11-24 23:17:37','2021-04-25 16:14:18'),(81,34,NULL,'Saepe occaecati distinctio maxime velit. Molestiae excepturi dignissimos aut unde commodi asperiores. Quaerat nemo commodi et adipisci maiores quas ipsa.','Optio dolor neque enim fugiat. Officia facere totam voluptas fugit ad. Sint aliquam est eos.',44,1,1,'2016-11-02 21:52:24','2021-04-25 16:14:18'),(82,57,NULL,'Perspiciatis consequatur at alias ut et ullam. Officia adipisci omnis ea nulla. Et et quia quam et. Placeat quia qui et est aut.','Rem sint laborum quas aut cum sequi et. Repellat quisquam sed nisi est est est. Temporibus dolores officiis eveniet eos dolore velit. Ut excepturi perferendis sit voluptatum ad suscipit.',20,0,1,'2015-01-10 02:04:50','2021-04-25 16:14:18'),(83,83,NULL,'Quidem qui autem aliquid. Recusandae consequatur rem iure id expedita.','Soluta voluptas et numquam. Voluptatem enim ea voluptas debitis qui est.',10,0,0,'2019-05-04 05:58:44','2021-04-25 16:14:18'),(84,42,NULL,'Ex et qui voluptatum deleniti et. Officia iusto possimus et dolores et omnis. Cum quisquam rem omnis velit minima perferendis. Nesciunt sapiente quos quasi et est sit.','Tempore nisi sit velit at. Quia autem consequatur nemo qui blanditiis. Veniam aspernatur quam omnis amet sint repellendus inventore quia. Est veritatis non necessitatibus et.',35,1,1,'1977-03-11 00:29:19','2021-04-25 16:14:18'),(85,60,NULL,'Molestiae eos et dolores est. Consequatur qui sint quia vel facilis autem recusandae. Aspernatur mollitia quis nihil itaque mollitia est nobis fugiat. Expedita dolore sed ut voluptatem eos aut hic.','Reprehenderit quaerat consectetur non necessitatibus ipsum incidunt rerum. Quos in id laboriosam vero quibusdam.',12,1,0,'1979-04-08 07:22:33','2021-04-25 16:14:18'),(86,72,NULL,'Quia dolore vitae cum ipsa soluta. Id sint est labore aut soluta dolorum. Quia neque est illo. Sunt velit tempora asperiores molestiae.','Officiis nobis repellendus repellendus qui id assumenda necessitatibus. Porro aspernatur dicta officia dolor rerum voluptatem ea.',43,1,0,'2009-05-31 21:19:43','2021-04-25 16:14:18'),(87,82,NULL,'Accusamus enim veritatis id sint quidem voluptas error. Reiciendis veniam sit quisquam et ab velit vero nostrum. Ut eum recusandae velit. Ut deserunt voluptas ab quam ipsa nemo nihil ipsum.','Corrupti quis voluptatibus optio dolore. Unde harum molestiae sapiente nihil ut amet. Nemo impedit accusamus dolorem iste voluptates. Temporibus asperiores reprehenderit quidem quae libero in.',42,1,0,'2016-02-03 17:16:26','2021-04-25 16:14:18'),(88,94,NULL,'Dolorem aliquam magnam cum sunt eos. Ut odio mollitia deserunt laborum. Voluptatibus necessitatibus ex dolor sapiente corrupti. Quia deserunt et assumenda iure est aut repellendus natus.','Sed quis et quaerat. Ab placeat iusto aliquam sint.',36,0,1,'1982-08-02 17:00:42','2021-04-25 16:14:18'),(89,24,NULL,'Voluptatibus et quo dicta aperiam natus. Atque numquam voluptatibus fugiat ipsam ullam cum minus. Soluta cum nemo delectus eum et ipsam.','In ut voluptas provident quae. Voluptas nulla sed omnis laboriosam incidunt blanditiis reprehenderit. Est odit sit quod voluptatem eos ut et. Tenetur facilis fuga et sequi placeat pariatur in eius.',9,1,0,'1976-09-12 10:53:20','2021-04-25 16:14:18'),(90,35,NULL,'Qui totam perspiciatis quisquam illo ut. Ex ut rerum minus est. Quod est aut amet non quia repudiandae. Consequatur dolor nesciunt perferendis sunt quam. Eius ad et dolor voluptates dolorem nulla.','Corrupti laborum ex sed temporibus. Consequatur natus ut unde eaque odit nihil. Soluta dolorem sunt illum consequatur.',25,0,0,'1970-05-20 12:48:22','2021-04-25 16:14:18'),(91,1,NULL,'Exercitationem porro consequatur esse ut. A minus maxime quisquam beatae quia voluptatem. Quis quia iusto enim assumenda harum voluptatem.','Porro exercitationem quidem illo nesciunt consectetur et officiis. Culpa cum blanditiis cupiditate odit. Dignissimos reprehenderit quas rerum autem. Ea consequuntur est ut enim.',8,0,0,'1977-06-02 01:14:49','2021-04-25 16:14:18'),(92,3,NULL,'Cupiditate rerum repellendus quibusdam aut. Consequatur possimus rerum nesciunt cupiditate quas.','Laborum aut architecto eveniet ea in et recusandae unde. Et illum necessitatibus dolores voluptas. Sed cum reiciendis laudantium provident magni debitis voluptate. Possimus delectus officiis voluptatibus.',10,0,1,'1993-08-09 08:41:00','2021-04-25 16:14:18'),(93,12,NULL,'Amet autem in aut similique dolorem quaerat. Et voluptates aperiam voluptatem ut eos deleniti. Eum ut ab ipsam numquam.','Nesciunt quia deleniti eum maiores unde. Eveniet voluptatibus ut ut non similique unde omnis. Consequatur itaque illo alias unde praesentium omnis.',26,0,0,'1972-10-12 08:19:28','2021-04-25 16:14:18'),(94,51,NULL,'Ad beatae rerum aut. Voluptatum hic excepturi quaerat velit non. Quod ducimus vero consequatur ut consequuntur repellendus fuga. Fugiat laborum reiciendis cum et vel illum.','Atque aperiam autem laboriosam at magni. Ut quo magni incidunt corporis nobis nostrum temporibus. Culpa fugiat libero voluptas excepturi dicta reiciendis quidem. Repellendus alias sed nihil perspiciatis.',9,1,1,'1979-02-11 20:48:51','2021-04-25 16:14:18'),(95,15,NULL,'Facilis itaque aperiam ipsam ut. Maxime harum quam necessitatibus repellendus aut doloremque dolorum. Dolor excepturi modi officia ipsa hic. Porro accusantium minus recusandae aperiam aut laboriosam.','Magnam voluptas aut consequatur quibusdam velit omnis id quos. Autem accusamus aliquam qui porro. Voluptas a nam pariatur neque autem eius. Id ut ex tempora hic delectus.',12,1,0,'1989-01-06 13:34:57','2021-04-25 16:14:18'),(96,25,NULL,'Voluptatem aut amet rem et. Aspernatur omnis quis vel nam magni. Molestiae qui saepe officiis dignissimos velit doloribus dolores quasi.','Dolorum excepturi animi itaque magni accusantium explicabo sit. Quod accusamus ex ut deserunt. At repellendus suscipit amet beatae.',32,1,1,'1978-06-12 21:55:19','2021-04-25 16:14:18'),(97,78,NULL,'Nisi dolores fugit temporibus et cumque eum. Eum consequatur voluptatem id fuga dolore accusamus officiis. Quibusdam accusamus asperiores alias ducimus eos aut.','Omnis architecto rerum quo odit. Qui consequuntur quisquam assumenda. Eos quam laborum eum voluptate necessitatibus sunt magnam.',32,0,0,'1981-07-13 09:12:09','2021-04-25 16:14:18'),(98,16,NULL,'In nihil doloremque adipisci dolorem. Repellat blanditiis occaecati vitae eius ut tempore quia dolorem. Quia omnis quaerat eveniet ut voluptatem nostrum.','Voluptate eveniet dolorem doloribus natus iusto earum officia. Rem voluptas nemo illum voluptas illo tenetur. Dignissimos cum fuga quo modi id iusto vitae. Ipsam adipisci sed cumque dolor et.',20,1,1,'2004-06-04 17:17:11','2021-04-25 16:14:18'),(99,45,NULL,'Facilis modi culpa rem nulla eum. Quas quidem unde laborum nisi quod. Qui iste ratione ea quas.','Error ea non fugiat non non ipsam autem. Et sunt qui alias odio et neque. Quasi sint quae dolores.',5,0,1,'2004-05-28 07:45:17','2021-04-25 16:14:18'),(100,75,NULL,'Et consequatur rerum est. Enim vel assumenda ut ut rerum fuga. Nihil sunt mollitia laboriosam asperiores voluptatum. Et aspernatur ullam iste alias eveniet reiciendis est.','Necessitatibus nihil libero illum sed et deleniti. Ea sint rerum nostrum nisi quis. Eum et quos molestiae fugiat. Saepe illum et nemo ut quia modi. Quia quis soluta quaerat qui quis ex.',9,1,1,'1999-08-24 00:16:27','2021-04-25 16:14:18');
/*!40000 ALTER TABLE `posts` ENABLE KEYS */;
UNLOCK TABLES;

--
-- Table structure for table `profiles`
--

DROP TABLE IF EXISTS `profiles`;
/*!40101 SET @saved_cs_client     = @@character_set_client */;
/*!50503 SET character_set_client = utf8mb4 */;
CREATE TABLE `profiles` (
  `user_id` int unsigned NOT NULL COMMENT '╨б╤Б╤Л╨╗╨║╨░ ╨╜╨░ ╨┐╨╛╨╗╤М╨╖╨╛╨▓╨░╤В╨╡╨╗╤П',
  `gender` char(1) CHARACTER SET utf8mb4 COLLATE utf8mb4_unicode_ci NOT NULL COMMENT '╨Я╨╛╨╗',
  `birthday` date DEFAULT NULL COMMENT '╨Ф╨░╤В╨░ ╤А╨╛╨╢╨┤╨╡╨╜╨╕╤П',
  `city` varchar(130) CHARACTER SET utf8mb4 COLLATE utf8mb4_unicode_ci DEFAULT NULL COMMENT '╨У╨╛╤А╨╛╨┤ ╨┐╤А╨╛╨╢╨╕╨▓╨░╨╜╨╕╤П',
  `country` varchar(130) CHARACTER SET utf8mb4 COLLATE utf8mb4_unicode_ci DEFAULT NULL COMMENT '╨б╤В╤А╨░╨╜╨░ ╨┐╤А╨╛╨╢╨╕╨▓╨░╨╜╨╕╤П',
  `last_login` datetime DEFAULT NULL COMMENT '╨Я╨╛╤Б╨╗╨╡╨┤╨╜╨╕╨╣ ╨▓╤Е╨╛╨┤ ╨▓ ╤Б╨╕╤Б╤В╨╡╨╝╤Г',
  `created_at` datetime DEFAULT CURRENT_TIMESTAMP COMMENT '╨Т╤А╨╡╨╝╤П ╤Б╨╛╨╖╨┤╨░╨╜╨╕╤П ╤Б╤В╤А╨╛╨║╨╕',
  `updated_at` datetime DEFAULT CURRENT_TIMESTAMP ON UPDATE CURRENT_TIMESTAMP COMMENT '╨Т╤А╨╡╨╝╤П ╨╛╨▒╨╜╨╛╨▓╨╗╨╡╨╜╨╕╤П ╤Б╤В╤А╨╛╨║╨╕',
  PRIMARY KEY (`user_id`),
  CONSTRAINT `profiles_user_id_fk` FOREIGN KEY (`user_id`) REFERENCES `users` (`id`) ON DELETE CASCADE
) ENGINE=InnoDB DEFAULT CHARSET=utf8mb4 COLLATE=utf8mb4_unicode_ci COMMENT='╨Я╤А╨╛╤Д╨╕╨╗╨╕';
/*!40101 SET character_set_client = @saved_cs_client */;

--
-- Dumping data for table `profiles`
--

LOCK TABLES `profiles` WRITE;
/*!40000 ALTER TABLE `profiles` DISABLE KEYS */;
INSERT INTO `profiles` VALUES (1,'f','1992-08-04','East Cydneychester','Maldives','2021-03-23 17:42:51','2013-02-14 07:31:13','2021-04-25 17:41:47'),(2,'f','1997-10-30','Feeneyhaven','Mozambique','2021-03-15 08:43:46','2015-12-20 04:14:28','2021-04-25 17:41:47'),(3,'f','1977-10-03','West Francesco','Cook Islands','2021-03-20 06:11:30','2015-01-07 14:18:08','2021-04-25 17:41:47'),(4,'f','1984-12-05','North Triston','Cuba','2021-04-11 05:15:43','2016-11-19 03:11:20','2021-04-25 17:41:47'),(5,'m','1974-10-01','Carlottaview','New Zealand','2021-03-25 22:40:27','2013-01-31 13:49:15','2021-04-25 17:41:47'),(6,'m','2013-02-06','Quentinchester','Falkland Islands (Malvinas)','2021-03-18 07:50:52','2020-03-02 00:40:09','2021-04-25 17:41:47'),(7,'m','2012-09-26','Harryborough','Pakistan','2021-03-24 20:01:17','2017-10-18 05:05:45','2021-04-25 17:41:47'),(8,'f','1988-08-29','Walterside','Libyan Arab Jamahiriya','2021-04-01 08:08:14','2015-09-25 13:11:13','2021-04-25 17:41:47'),(9,'f','2007-11-23','Julianneville','Yemen','2021-03-16 04:38:30','2011-06-07 09:29:30','2021-04-25 17:41:47'),(10,'m','1983-10-24','West Lavonne','Romania','2021-04-04 00:11:30','2015-09-10 23:26:53','2021-03-17 14:16:38'),(11,'f','1991-02-02','West Ludiefort','British Indian Ocean Territory (Chagos Archipelago)','2021-03-17 08:04:43','2012-02-10 00:37:36','2021-04-25 17:41:47'),(12,'f','1974-10-09','Port Darrinstad','Guernsey','2021-03-31 22:46:32','2018-11-10 12:26:04','2021-04-25 17:41:47'),(13,'m','1984-10-28','Emardport','Botswana','2021-03-28 03:23:35','2011-12-05 19:28:32','2021-04-25 17:41:47'),(14,'m','1980-02-09','Esperanzaview','Barbados','2021-03-28 19:17:53','2013-08-25 04:23:15','2021-04-25 17:41:47'),(15,'f','1974-10-03','North Destiny','Congo','2021-04-01 02:24:02','2011-07-10 15:28:51','2021-04-25 17:41:47'),(16,'f','2002-06-13','Claychester','Kiribati','2021-04-02 08:18:33','2015-01-05 11:32:13','2021-04-25 17:41:47'),(17,'f','2008-07-14','North Modestoport','Belarus','2021-04-11 09:32:31','2016-03-12 23:37:18','2021-04-25 17:41:47'),(18,'f','1987-10-22','East Ewell','Monaco','2021-03-24 21:12:23','2015-02-17 22:31:04','2021-04-25 17:41:47'),(19,'f','1996-10-05','New Cloyd','Rwanda','2021-04-07 14:14:41','2012-10-01 17:24:14','2021-04-25 17:41:47'),(20,'f','1992-04-15','Wildermanstad','Liberia','2021-03-31 21:29:49','2016-11-06 08:27:09','2021-04-25 17:41:47'),(21,'f','2015-04-30','South Adele','Nicaragua','2021-03-16 16:40:01','2012-08-30 13:17:59','2021-04-25 17:41:47'),(22,'f','2018-05-03','Hicklefurt','Samoa','2021-03-15 19:48:01','2017-06-19 10:55:19','2021-04-25 17:41:47'),(23,'f','1973-09-28','Port Beatrice','Qatar','2021-03-26 22:44:52','2021-02-12 15:52:49','2021-04-25 17:41:47'),(24,'m','2009-10-19','South Jackshire','Sweden','2021-03-20 03:53:07','2013-01-03 10:35:21','2021-04-25 17:41:47'),(25,'f','2010-10-07','Schillerville','Marshall Islands','2021-04-13 18:31:17','2011-07-28 22:01:31','2021-04-25 17:41:47'),(26,'f','2012-11-07','Lake Daphneeville','Sao Tome and Principe','2021-03-16 10:14:57','2016-06-19 10:32:27','2021-04-25 17:41:47'),(27,'f','1988-05-07','South Enid','Bosnia and Herzegovina','2021-03-28 03:31:07','2016-09-22 18:04:49','2021-04-25 17:41:47'),(28,'f','2009-05-25','Wiegandshire','Falkland Islands (Malvinas)','2021-04-05 13:09:35','2014-02-16 07:59:44','2021-04-25 17:41:47'),(29,'f','2016-09-12','Graceborough','Yemen','2021-03-29 04:23:48','2020-08-22 03:35:49','2021-04-25 17:41:47'),(30,'f','2004-12-08','South Ardenborough','United Kingdom','2021-04-14 04:22:36','2017-01-13 02:49:21','2021-04-25 17:41:47'),(31,'f','2019-09-29','Gutmannland','Wallis and Futuna','2021-04-14 16:39:03','2014-02-03 19:22:45','2021-04-25 17:41:47'),(32,'f','2011-03-24','Jakobside','Chile','2021-03-31 03:46:11','2015-12-09 01:38:07','2021-04-25 17:41:47'),(33,'f','2001-07-14','Port Cameronburgh','Belize','2021-04-09 16:29:47','2013-04-15 17:47:16','2021-04-25 17:41:47'),(34,'m','2014-07-07','New Alfred','French Polynesia','2021-03-28 00:30:27','2016-04-26 00:19:15','2021-04-25 17:41:47'),(35,'f','1981-02-24','South Tremayne','New Caledonia','2021-04-14 15:28:08','2014-07-03 20:33:13','2021-04-25 17:41:47'),(36,'f','1983-07-10','New Laurettaberg','Aruba','2021-04-07 00:48:49','2018-03-05 21:34:07','2021-04-25 17:41:47'),(37,'m','1989-04-20','Port Jarredland','Grenada','2021-04-12 04:47:00','2012-12-07 23:31:49','2021-03-28 12:54:05'),(38,'f','1970-09-19','Lake Jermainfort','Colombia','2021-04-01 01:47:05','2015-12-10 03:51:27','2021-04-25 17:41:47'),(39,'f','1989-07-10','Ciarabury','Heard Island and McDonald Islands','2021-04-02 07:46:24','2018-11-06 14:45:44','2021-04-25 17:41:47'),(40,'f','2007-02-09','East Mose','Guyana','2021-03-25 18:28:22','2017-08-16 10:41:28','2021-04-25 17:41:47'),(41,'m','1996-08-02','Terryton','Pakistan','2021-03-19 13:26:58','2016-11-23 02:08:44','2021-04-25 17:41:47'),(42,'m','2011-11-11','Emmanuelview','Portugal','2021-03-17 16:50:31','2020-09-06 11:42:39','2021-04-04 22:30:59'),(43,'m','1996-07-11','West Melyna','Wallis and Futuna','2021-03-22 15:44:42','2019-07-01 04:29:52','2021-04-25 17:41:47'),(44,'f','1976-06-28','New Talia','Bulgaria','2021-03-30 10:30:42','2013-11-22 14:52:30','2021-04-25 17:41:47'),(45,'m','1973-05-07','Linneachester','Netherlands','2021-04-02 04:18:03','2019-08-23 16:06:14','2021-04-25 17:41:47'),(46,'f','1972-11-29','Amelieport','South Africa','2021-03-25 05:26:06','2014-06-04 11:19:28','2021-04-25 17:41:47'),(47,'f','2018-11-21','Lake Antone','Gibraltar','2021-04-06 04:12:06','2019-09-17 23:06:49','2021-04-25 17:41:47'),(48,'f','1988-02-13','East Dahliaville','Antigua and Barbuda','2021-04-05 16:38:20','2016-10-24 08:35:43','2021-04-25 17:41:47'),(49,'m','1986-09-14','South Martin','Rwanda','2021-03-16 14:55:02','2019-11-09 06:56:05','2021-04-07 11:40:50'),(50,'m','2013-03-21','Howeburgh','Luxembourg','2021-03-29 20:02:06','2015-08-07 04:35:58','2021-04-25 17:41:47'),(51,'m','1993-06-17','Annabelleberg','Liechtenstein','2021-03-25 07:14:45','2021-03-03 11:28:48','2021-04-14 02:38:37'),(52,'f','2002-05-08','Leschtown','Comoros','2021-04-04 20:06:33','2017-11-26 10:00:27','2021-04-25 17:41:47'),(53,'f','1988-09-12','Priceport','Liechtenstein','2021-03-21 17:37:04','2021-03-06 06:32:24','2021-04-25 17:41:47'),(54,'f','1992-06-06','Schneiderchester','Somalia','2021-04-04 12:07:26','2019-12-20 21:32:48','2021-04-25 17:41:47'),(55,'m','1974-02-25','South Ashleighchester','Haiti','2021-03-16 14:56:14','2020-03-07 02:03:18','2021-04-25 17:41:47'),(56,'m','1991-02-02','Ezraville','Netherlands','2021-04-03 05:29:32','2011-08-26 10:08:23','2021-04-25 17:41:47'),(57,'m','2008-04-27','Schinnerburgh','Liechtenstein','2021-03-30 04:16:53','2014-03-01 22:25:26','2021-03-15 09:45:47'),(58,'f','1997-11-22','Lake Hoyt','Western Sahara','2021-03-24 09:50:52','2018-11-02 07:21:16','2021-04-25 17:41:47'),(59,'f','1994-06-24','Sandraborough','Jamaica','2021-04-09 11:34:40','2012-08-01 20:55:31','2021-04-25 17:41:47'),(60,'m','2009-05-27','West Odaberg','Sri Lanka','2021-04-03 19:11:03','2016-06-11 06:36:20','2021-04-25 17:41:47'),(61,'m','1991-03-17','West Alden','Sao Tome and Principe','2021-03-25 08:31:53','2017-11-02 11:45:18','2021-04-25 17:41:47'),(62,'m','1981-07-20','East Morris','Lebanon','2021-03-22 08:03:53','2015-11-28 07:22:38','2021-03-25 15:35:03'),(63,'f','1985-03-15','South Joesphberg','Haiti','2021-04-12 13:01:53','2020-06-12 06:26:50','2021-04-25 17:41:47'),(64,'f','1983-03-18','Reillyberg','Bhutan','2021-03-23 03:55:22','2018-06-30 21:48:55','2021-04-25 17:41:47'),(65,'f','2011-08-18','Feestville','South Africa','2021-04-11 06:35:34','2016-09-16 17:25:07','2021-04-25 17:41:47'),(66,'m','1979-06-11','Osinskihaven','Lithuania','2021-03-16 17:42:07','2011-06-23 22:11:02','2021-04-25 17:41:47'),(67,'m','2002-09-03','Hegmannmouth','United States of America','2021-04-12 15:00:11','2017-10-02 01:30:16','2021-04-12 11:46:06'),(68,'m','1987-07-19','Murrayborough','Qatar','2021-04-06 03:41:33','2012-07-14 22:11:10','2021-04-25 17:41:47'),(69,'m','1981-11-04','Garetttown','Cyprus','2021-04-12 13:16:20','2017-11-20 20:48:47','2021-04-13 04:17:02'),(70,'m','2011-11-21','Port Finnmouth','Malta','2021-04-09 00:19:03','2019-02-26 04:22:08','2021-04-13 07:27:26'),(71,'m','1972-02-29','North Marcoberg','Mongolia','2021-03-28 03:32:45','2020-10-02 02:34:05','2021-04-25 17:41:47'),(72,'m','2010-07-14','East Mallory','Israel','2021-03-28 20:41:33','2018-04-14 23:50:09','2021-04-02 07:44:28'),(73,'f','1994-08-13','Isabellafort','Morocco','2021-03-29 03:53:14','2014-01-01 02:31:09','2021-04-25 17:41:47'),(74,'f','1977-04-06','Heathcotechester','British Virgin Islands','2021-03-29 08:23:52','2014-11-16 08:01:50','2021-04-25 17:41:47'),(75,'f','1979-09-05','South Ernestinaview','Swaziland','2021-03-25 15:29:22','2011-05-08 00:48:13','2021-04-25 17:41:47'),(76,'m','1971-03-08','New Angel','Sudan','2021-03-21 00:09:06','2016-08-04 00:38:32','2021-04-06 14:07:33'),(77,'m','2000-08-11','South Zandermouth','Lao People\'s Democratic Republic','2021-03-14 22:58:27','2016-10-08 04:34:58','2021-04-08 14:07:02'),(78,'f','1992-10-12','Port Damiontown','Russian Federation','2021-04-04 21:43:41','2015-12-03 05:36:37','2021-04-25 17:41:47'),(79,'m','1986-11-28','Lake Nikitastad','Palestinian Territory','2021-03-23 15:11:20','2020-04-25 23:20:14','2021-04-25 17:41:47'),(80,'m','1986-11-09','North Edaberg','Sao Tome and Principe','2021-03-15 02:50:51','2013-07-10 14:48:34','2021-04-03 05:38:32'),(81,'m','2018-03-05','Josueview','Mozambique','2021-04-02 16:06:08','2015-09-30 22:13:24','2021-04-25 17:41:47'),(82,'m','1989-12-06','Brittanyborough','Jordan','2021-03-24 07:20:28','2018-04-08 15:33:44','2021-03-18 11:03:18'),(83,'m','2011-08-20','Nikolaustown','Russian Federation','2021-04-14 10:04:02','2018-06-07 01:16:16','2021-04-14 01:28:35'),(84,'f','1983-08-04','East Keanuland','Nauru','2021-04-08 01:38:49','2019-12-15 12:45:47','2021-04-25 17:41:47'),(85,'f','2005-01-14','Antwanside','Suriname','2021-03-18 15:44:46','2020-06-11 14:45:21','2021-04-25 17:41:47'),(86,'m','2013-03-14','Zboncakport','New Caledonia','2021-03-26 08:14:12','2018-06-11 10:38:55','2021-04-25 17:41:47'),(87,'f','1978-04-30','Johathanhaven','Uzbekistan','2021-04-11 07:58:14','2020-03-19 06:09:55','2021-04-25 17:41:47'),(88,'m','2012-11-05','Lake Nikko','Mali','2021-03-27 04:38:33','2017-04-05 08:53:01','2021-03-18 23:06:07'),(89,'f','1972-01-13','Marashire','Cameroon','2021-04-01 03:32:22','2011-04-15 23:28:43','2021-04-25 17:41:47'),(90,'m','1997-07-12','Mrazmouth','Bulgaria','2021-03-30 03:16:24','2013-03-28 15:14:03','2021-04-25 17:41:47'),(91,'f','1992-11-05','Heaneyhaven','Albania','2021-03-23 09:25:48','2012-10-31 10:58:11','2021-04-25 17:41:47'),(92,'f','2009-07-14','New Hassan','Libyan Arab Jamahiriya','2021-03-20 21:32:37','2020-06-21 22:52:21','2021-04-25 17:41:47'),(93,'m','2007-12-07','North Maxwellton','Angola','2021-03-22 20:42:35','2011-05-27 23:29:03','2021-04-14 16:54:11'),(94,'f','1970-10-28','Boyermouth','Cambodia','2021-03-31 05:20:36','2015-10-10 12:17:30','2021-04-25 17:41:47'),(95,'m','1982-02-05','Kyleehaven','Singapore','2021-03-17 21:31:38','2016-02-28 06:07:28','2021-04-25 17:41:47'),(96,'f','1995-03-19','New Ciara','Gabon','2021-04-04 14:15:04','2014-08-01 17:59:13','2021-04-25 17:41:47'),(97,'m','2010-11-25','Grahammouth','Western Sahara','2021-04-05 06:38:02','2021-03-26 13:54:51','2021-04-07 06:07:43'),(98,'f','1984-02-25','Morissetteberg','Nepal','2021-03-29 01:22:47','2016-09-20 17:47:43','2021-04-25 17:41:47'),(99,'f','1991-04-23','South Sterling','Turks and Caicos Islands','2021-04-09 17:00:04','2017-09-16 17:05:03','2021-04-25 17:41:47'),(100,'m','1974-08-03','East Jany','Cocos (Keeling) Islands','2021-03-18 03:11:07','2012-04-05 23:05:08','2021-03-18 14:33:45');
/*!40000 ALTER TABLE `profiles` ENABLE KEYS */;
UNLOCK TABLES;

--
-- Table structure for table `users`
--

DROP TABLE IF EXISTS `users`;
/*!40101 SET @saved_cs_client     = @@character_set_client */;
/*!50503 SET character_set_client = utf8mb4 */;
CREATE TABLE `users` (
  `id` int unsigned NOT NULL AUTO_INCREMENT COMMENT '╨Ш╨┤╨╡╨╜╤В╨╕╤Д╨╕╨║╨░╤В╨╛╤А ╤Б╤В╤А╨╛╨║╨╕',
  `first_name` varchar(100) CHARACTER SET utf8mb4 COLLATE utf8mb4_unicode_ci NOT NULL COMMENT '╨Ш╨╝╤П ╨┐╨╛╨╗╤М╨╖╨╛╨▓╨░╤В╨╡╨╗╤П',
  `last_name` varchar(100) CHARACTER SET utf8mb4 COLLATE utf8mb4_unicode_ci NOT NULL COMMENT '╨д╨░╨╝╨╕╨╗╨╕╤П ╨┐╨╛╨╗╤М╨╖╨╛╨▓╨░╤В╨╡╨╗╤П',
  `email` varchar(100) CHARACTER SET utf8mb4 COLLATE utf8mb4_unicode_ci NOT NULL COMMENT '╨Я╨╛╤З╤В╨░',
  `phone` varchar(100) CHARACTER SET utf8mb4 COLLATE utf8mb4_unicode_ci NOT NULL COMMENT '╨в╨╡╨╗╨╡╤Д╨╛╨╜',
  `created_at` datetime DEFAULT CURRENT_TIMESTAMP COMMENT '╨Т╤А╨╡╨╝╤П ╤Б╨╛╨╖╨┤╨░╨╜╨╕╤П ╤Б╤В╤А╨╛╨║╨╕',
  `updated_at` datetime DEFAULT CURRENT_TIMESTAMP ON UPDATE CURRENT_TIMESTAMP COMMENT '╨Т╤А╨╡╨╝╤П ╨╛╨▒╨╜╨╛╨▓╨╗╨╡╨╜╨╕╤П ╤Б╤В╤А╨╛╨║╨╕',
  PRIMARY KEY (`id`),
  UNIQUE KEY `email` (`email`),
  UNIQUE KEY `phone` (`phone`)
) ENGINE=InnoDB AUTO_INCREMENT=101 DEFAULT CHARSET=utf8mb4 COLLATE=utf8mb4_unicode_ci COMMENT='╨Я╨╛╨╗╤М╨╖╨╛╨▓╨░╤В╨╡╨╗╨╕';
/*!40101 SET character_set_client = @saved_cs_client */;

--
-- Dumping data for table `users`
--

LOCK TABLES `users` WRITE;
/*!40000 ALTER TABLE `users` DISABLE KEYS */;
INSERT INTO `users` VALUES (1,'Letha','Hackett','umoore@example.org','+64(7)2876965270','2020-01-27 18:45:40','2021-04-03 03:29:24'),(2,'Maudie','Leannon','obosco@example.com','623.767.2753','2020-01-05 19:08:51','2021-03-21 16:26:43'),(3,'Floy','Orn','danyka.o\'conner@example.com','+12(1)4670962303','2019-05-28 14:09:26','2021-04-06 23:33:23'),(4,'Verla','Von','jconnelly@example.net','916-736-6794x81702','2017-12-31 12:16:46','2021-03-28 15:31:18'),(5,'Armand','Baumbach','mmcclure@example.net','594.154.8847x742','2020-02-05 05:16:54','2021-04-04 11:18:08'),(6,'Alden','Lubowitz','streich.noel@example.org','(628)092-8318x1485','2016-01-18 13:15:44','2021-03-16 15:38:07'),(7,'Carter','Boehm','keebler.emmie@example.net','(939)270-2249','2016-06-29 17:37:53','2021-03-26 13:43:52'),(8,'Bo','Konopelski','eward@example.com','1-007-472-5278x3547','2017-04-16 16:05:26','2021-04-09 19:13:09'),(9,'Nicolette','Heidenreich','considine.remington@example.net','07798491294','2012-03-02 13:27:36','2021-03-24 17:31:46'),(10,'Carolina','Waelchi','predovic.karine@example.org','(790)249-2929x12464','2020-01-10 22:23:11','2021-03-25 04:58:16'),(11,'Mason','Wolf','candida78@example.org','00732562501','2011-08-27 18:23:45','2021-04-09 22:50:18'),(12,'Amely','Feil','irving.buckridge@example.net','052.561.9103','2015-08-22 18:50:23','2021-03-30 10:37:16'),(13,'Ray','Gutkowski','vicente51@example.net','938-385-4619x00036','2015-12-14 03:29:34','2021-04-12 15:13:09'),(14,'Blaze','Metz','mayra67@example.org','(777)181-0987','2018-01-13 17:05:25','2021-03-15 03:07:52'),(15,'Rosie','Mohr','bahringer.lavinia@example.org','00564685068','2015-06-03 00:48:16','2021-04-07 05:11:40'),(16,'Eladio','Bruen','nlittle@example.net','(100)963-1243','2013-02-23 09:22:08','2021-03-23 10:15:43'),(17,'Darryl','Lockman','pklocko@example.net','(663)226-3346x557','2013-12-03 06:27:40','2021-04-07 21:02:48'),(18,'Gabrielle','Lesch','borer.ila@example.org','560.318.6220','2017-03-23 08:18:44','2021-04-10 04:31:17'),(19,'Annabell','Kuvalis','estell.daniel@example.org','176-869-1111x60359','2012-08-09 00:16:59','2021-03-23 11:09:34'),(20,'Rowena','Hermiston','larson.malika@example.com','(899)386-5118','2021-02-11 22:38:33','2021-03-21 16:25:26'),(21,'Leon','Lubowitz','ross25@example.net','(495)185-5070x42106','2015-09-01 02:46:12','2021-03-24 00:12:17'),(22,'Sabina','Krajcik','kendall31@example.net','720-566-9076x59087','2011-09-11 10:59:54','2021-04-03 12:18:03'),(23,'Laila','Bernhard','lrau@example.com','606-411-9562x2251','2014-01-19 13:39:07','2021-04-02 19:19:07'),(24,'Rebecca','Funk','wwaelchi@example.net','(625)873-8499','2017-01-20 00:32:55','2021-04-10 08:32:54'),(25,'Conrad','Ruecker','vandervort.jed@example.net','(555)239-8574x53127','2020-06-27 05:23:28','2021-04-11 16:47:55'),(26,'Cornelius','Price','yasmin57@example.com','1-500-790-5334','2015-11-25 05:21:18','2021-03-23 08:28:59'),(27,'Preston','Conroy','giovanna24@example.net','09758399260','2018-07-10 21:51:21','2021-03-30 13:57:41'),(28,'Golda','Stehr','jmorar@example.net','(514)988-6530','2014-02-18 02:19:34','2021-04-07 05:15:52'),(29,'Fredrick','Bartell','benton.conn@example.com','03209865771','2014-09-12 02:11:52','2021-04-08 11:31:04'),(30,'Stanford','Erdman','jesse43@example.org','08938142715','2014-08-18 01:32:02','2021-04-02 04:40:02'),(31,'Annalise','Breitenberg','cummerata.wilfredo@example.com','07289223464','2016-02-06 06:13:26','2021-04-08 18:30:47'),(32,'Demetris','Gleichner','kylie.cassin@example.net','543-627-2097','2017-06-12 12:29:33','2021-04-01 17:25:09'),(33,'Lizzie','Rosenbaum','jess61@example.com','397.118.9056','2011-04-18 02:36:10','2021-03-20 06:18:13'),(34,'Myrtie','Pollich','murray.jarred@example.org','602.811.4868','2020-09-19 14:25:02','2021-04-09 16:25:43'),(35,'Merl','Hegmann','esther.block@example.com','011.310.4392','2013-12-13 18:10:44','2021-04-13 22:57:08'),(36,'Litzy','Dibbert','olynch@example.net','1-104-705-2283','2018-04-05 00:31:26','2021-03-20 02:17:24'),(37,'Freddy','Casper','pagac.alena@example.com','442-275-6722','2017-05-04 13:48:36','2021-03-30 10:43:54'),(38,'Adrien','Gutmann','nayeli77@example.net','320.871.3838','2015-03-04 15:56:07','2021-04-06 00:08:57'),(39,'Guadalupe','Toy','champlin.alayna@example.net','(123)869-8651x950','2013-07-25 15:48:14','2021-04-09 21:47:01'),(40,'Connor','Kris','adams.curtis@example.com','(231)396-5345x2633','2012-09-19 04:09:55','2021-04-12 18:28:21'),(41,'Vicky','Eichmann','bode.sandra@example.com','(293)804-9881x89601','2015-07-22 19:36:20','2021-03-24 01:10:10'),(42,'Leonor','Rolfson','zackery.glover@example.net','187-611-3556x37062','2020-02-15 15:33:39','2021-03-15 02:23:57'),(43,'Liliana','Zulauf','leopoldo.schroeder@example.org','167-771-7586x25366','2014-04-20 11:19:58','2021-04-11 03:14:00'),(44,'Leanne','Klocko','alba64@example.org','057.579.3179x0562','2016-05-25 16:22:04','2021-03-17 08:10:35'),(45,'Maymie','Leffler','xmayert@example.net','369-018-6748x906','2014-12-29 10:21:52','2021-04-03 19:56:26'),(46,'Chase','Greenholt','kilback.arely@example.org','978-526-5383','2012-01-15 13:55:58','2021-03-29 18:10:13'),(47,'Joanny','Sipes','klockman@example.net','661.646.5020','2014-05-12 09:48:35','2021-03-19 04:00:54'),(48,'Leda','Lebsack','ritchie.benjamin@example.com','069.897.4498x5350','2016-04-18 09:01:03','2021-03-29 19:19:12'),(49,'Enid','Pfannerstill','delphia60@example.org','288.668.3542x3087','2011-09-21 12:59:59','2021-04-04 00:16:20'),(50,'Frankie','Wilkinson','hartmann.golda@example.com','1-305-418-2392x74618','2014-09-17 04:05:12','2021-03-25 22:53:44'),(51,'Brett','Spencer','mayra.hessel@example.net','+77(2)5032851936','2020-11-22 21:56:46','2021-03-26 19:36:47'),(52,'Cassie','Walker','spencer.eloisa@example.org','(818)433-0641','2019-11-03 00:56:05','2021-04-04 22:40:03'),(53,'Orland','Rosenbaum','waelchi.taya@example.org','(666)390-6382x83586','2018-10-30 15:39:29','2021-04-14 05:22:22'),(54,'Eino','Bode','adolfo62@example.com','606.696.6335x47336','2020-02-03 21:57:06','2021-03-27 03:04:45'),(55,'Halie','Ondricka','judson89@example.net','(373)408-0514','2015-11-11 12:53:57','2021-03-21 08:03:28'),(56,'Marquise','King','nolan.barton@example.com','+63(1)4077295162','2020-10-14 07:04:11','2021-03-23 22:53:49'),(57,'Fidel','Hoppe','tkris@example.net','1-033-866-2503x2232','2018-03-29 12:30:19','2021-04-08 23:32:10'),(58,'Winnifred','Strosin','ofelia.roob@example.net','1-644-764-0674','2016-08-28 12:16:39','2021-04-06 06:07:15'),(59,'Joseph','Lynch','wdaniel@example.org','670.545.2571','2019-04-14 11:00:59','2021-03-27 08:49:45'),(60,'Emmanuel','Hegmann','augusta.greenfelder@example.net','459.167.6819x15719','2013-05-04 19:47:04','2021-03-27 07:12:24'),(61,'Nicola','Gislason','thompson.nelson@example.org','(212)748-7360','2014-07-30 13:33:21','2021-04-12 21:24:58'),(62,'Sharon','Gutkowski','jones.brent@example.com','(280)657-6719','2017-06-17 20:51:19','2021-03-20 13:14:38'),(63,'Abbie','Price','shanahan.ahmad@example.com','851-247-4400','2017-09-12 21:07:25','2021-03-25 04:42:58'),(64,'Harry','Gleason','slabadie@example.com','653.471.5010','2019-09-04 21:21:52','2021-04-14 13:24:45'),(65,'Ross','Borer','mharris@example.org','464.507.1321','2014-08-12 04:10:04','2021-03-29 17:52:19'),(66,'Annalise','Goodwin','laverna.auer@example.org','00339098360','2011-09-30 16:44:04','2021-03-20 14:31:27'),(67,'Ronaldo','Becker','norval98@example.net','701-945-5797x436','2019-10-15 02:43:38','2021-03-19 02:20:12'),(68,'Lisa','Auer','isac09@example.com','1-399-672-5124x31203','2013-10-04 00:10:16','2021-04-13 22:27:56'),(69,'Hipolito','Cassin','jedidiah.kassulke@example.net','+79(7)6297678364','2015-09-13 00:03:29','2021-04-09 07:16:52'),(70,'Elwin','Von','forrest.christiansen@example.com','+94(7)6576818834','2020-09-22 19:01:23','2021-03-31 03:24:24'),(71,'Devon','Donnelly','feest.bradly@example.net','537.520.4821x328','2012-12-01 09:52:11','2021-04-06 08:02:07'),(72,'Jailyn','Murphy','roob.mariana@example.org','(952)128-1780','2015-02-11 16:51:13','2021-04-11 04:58:20'),(73,'Russell','Walter','keyshawn.wiza@example.net','1-147-731-4880x33450','2014-03-11 12:48:01','2021-04-01 03:49:59'),(74,'Elroy','Padberg','hamill.joel@example.org','1-337-605-4740x4357','2018-07-25 09:57:13','2021-04-07 12:31:03'),(75,'Gregoria','Romaguera','feeney.arianna@example.com','770-500-8094','2019-03-13 18:07:53','2021-03-23 23:54:22'),(76,'Marisa','Stiedemann','zo\'keefe@example.org','759-637-7271x488','2016-08-27 16:46:52','2021-03-27 15:26:50'),(77,'Thea','Ondricka','durgan.vena@example.net','(033)547-2518x0941','2015-03-19 18:16:32','2021-03-27 10:02:23'),(78,'Rebecca','Lind','tkutch@example.org','+18(6)1826856605','2012-11-12 06:39:57','2021-03-20 06:15:46'),(79,'Eli','Rice','friesen.adah@example.org','115.003.0596','2014-10-08 22:16:59','2021-03-19 10:37:14'),(80,'Winifred','Goodwin','kian40@example.org','(972)341-5351','2012-07-21 09:08:35','2021-03-24 13:52:36'),(81,'Davin','Barton','edd.ratke@example.net','154.941.5742','2016-10-20 08:35:38','2021-04-07 03:38:11'),(82,'Maymie','Jacobson','bbecker@example.net','973-058-9725','2016-08-16 09:13:35','2021-04-06 23:08:49'),(83,'Raymond','Howell','ariel.williamson@example.org','174-291-6955x124','2013-09-16 21:15:37','2021-03-22 05:04:41'),(84,'Fabiola','Kuhn','sydnie.balistreri@example.net','1-431-147-6696x5849','2014-08-17 05:35:49','2021-04-06 02:40:08'),(85,'Murray','Lang','snicolas@example.org','636-505-9357x3474','2012-05-20 13:11:08','2021-04-09 14:34:33'),(86,'Shanel','Ritchie','delphine.mohr@example.org','1-062-801-4821x137','2014-01-07 18:12:03','2021-04-02 20:25:36'),(87,'Felicia','Wilderman','wunsch.sherwood@example.com','(014)831-3293x804','2016-05-13 06:20:08','2021-04-07 20:06:28'),(88,'Jedediah','Wilkinson','schoen.cole@example.net','766-565-8228','2014-05-12 20:16:23','2021-03-23 15:05:17'),(89,'Davonte','Hills','leonardo21@example.net','764-113-8975x210','2013-07-04 12:38:42','2021-03-19 23:29:57'),(90,'Evelyn','Kutch','sawayn.kody@example.net','04394084597','2018-02-13 07:07:26','2021-03-15 20:15:43'),(91,'Nola','Schmidt','brandy45@example.net','(606)729-4470','2014-11-06 00:20:33','2021-03-18 14:59:12'),(92,'Jermain','Jaskolski','andre44@example.net','805-921-1374x12302','2017-01-03 09:29:46','2021-04-10 11:18:20'),(93,'Lola','Ryan','tmitchell@example.org','041-147-4881','2014-06-09 20:10:00','2021-04-03 09:36:39'),(94,'Chance','Prosacco','ahmed.buckridge@example.org','764-390-3152','2011-06-11 08:04:51','2021-04-09 07:38:00'),(95,'Alana','Anderson','kory.wisozk@example.net','1-087-319-7837x849','2015-08-12 02:08:12','2021-03-27 19:25:29'),(96,'Tyrese','Robel','amaggio@example.com','1-981-414-8035x228','2017-10-04 18:28:30','2021-03-16 21:07:00'),(97,'Cayla','Bernhard','garnett69@example.com','(053)234-1767x208','2020-01-06 22:53:42','2021-03-29 12:06:19'),(98,'Murray','Conroy','katlyn81@example.com','300.245.9330x12840','2015-06-10 00:02:25','2021-03-20 14:59:30'),(99,'Dillan','Schmeler','ufunk@example.org','05081766162','2015-01-26 02:18:23','2021-04-02 17:49:18'),(100,'Avery','Hessel','bertram.kunze@example.net','911-947-3481x94725','2018-02-10 04:36:30','2021-04-05 12:39:08');
/*!40000 ALTER TABLE `users` ENABLE KEYS */;
UNLOCK TABLES;
/*!40103 SET TIME_ZONE=@OLD_TIME_ZONE */;

/*!40101 SET SQL_MODE=@OLD_SQL_MODE */;
/*!40014 SET FOREIGN_KEY_CHECKS=@OLD_FOREIGN_KEY_CHECKS */;
/*!40014 SET UNIQUE_CHECKS=@OLD_UNIQUE_CHECKS */;
/*!40101 SET CHARACTER_SET_CLIENT=@OLD_CHARACTER_SET_CLIENT */;
/*!40101 SET CHARACTER_SET_RESULTS=@OLD_CHARACTER_SET_RESULTS */;
/*!40101 SET COLLATION_CONNECTION=@OLD_COLLATION_CONNECTION */;
/*!40111 SET SQL_NOTES=@OLD_SQL_NOTES */;

-- Dump completed on 2021-04-25 18:56:54
